ResponseID,study,criminals_born_not_made,genetically_predisposed,criminals_will_always_be_criminals,rehabilitation_programs,social_context,bob_death_penalty0no1yes,bob_prison0no1yes,bob_life_sentence,bob_years_in_prison,bob_eligible_for_parole,bob_years_before_parole,bob_acceptable_solitary,bob_acceptable_beat,bob_acceptable_prevent_calls,bob_programs,bob_programs_reversed,bob_good_time,bob_good_time_reversed,bob_badness_acceptable_average,bob_blame,bob_fault,bob_blame_fault_average,bob_like,bob_likely_commit_murder,bob_likely_commit_arson,bob_likely_commit_murder_arson_average,bob_likely_commit_other_crime,joe_bob_average_prop_death_penalty,joe_bob_average_life_sentence,joe_bob_average_years_in_prison,joe_bob_average_eligible_parole,joe_bob_average_years_before_parole,jbbad,jbblame,jblike,birth_month,ageyears,country_reside,country_citizen,english_native,years_speaking_english,gender,gender_other,ethnicity,race,race_other,rel_current,rel_other,rel_raised,rel_raised_other,rel_important,services,educ_done,educ_want,political_orientation,pol_important,known_incarcerated_people,served_time,attention_check,knew_defendant_in_prime,defendant_in_prime_info,use_data,participant_comments,notes,filter_$,jbsame
R_0NxdPlDkYxRyjw9,1,1,6,3,6,5,0,1,0,25,1,10,2,2,2,5,3,4,4,2.6,6,6,6,3, , , , ,0,0,32.5,1,15,2.8,6.5,2,8,24,1,USA,1,23,2,,2,1,,6,,1,,2,2,5,8,3,5,1,2,Bob committed arson and burnt down a shack which killed a sleeping person., ,,1,No.,,1, 
R_0qEB4keLz1of73T,1,2,2,2,4,2,0,1,1, ,1,25,7,1,1,4,4,1,7,4,7,7,7,1, , , , ,0.5,1, ,1,25,4,7,1,12,46,1,United States,1,45,2,,2,1,,6,,2,,1,1,7,7,7,4,1,2,"Joe got into an argument with a store clerk and kicked him in the head several times, killing him.", ,,1,None,,1, 
R_0STQbburkWn3yW9,1,1,1,1,7,7,0,1,0,20,1,5,1,1,1,7,1,7,1,1,4,4,4,4, , , , ,0,0.5,20,1,12.5,1,5.5,3,3,33,1,United states of America,1,33,2,,2,1,,6,,1,,1,1,3,4,2,7,22,2,In the first one he caught a shed on fire not knowing somebody was sleeping in it and the person died as a result., ,,1,I'd just like to say I think that poverty is the biggest driving factor behind most crime.,,1, 
R_0uiIGFs1X2HO0gR,1,2,4,2,5,6,0,1,0,7,1,5,1,1,1,7,1,7,1,1,4,4,4,4, , , , ,0,0.5,7,1,10,2,5,4,1,26,1,USA,1,26,1,,2,1,,6,,3,,1,1,5,6,1,4,2,2,bob set fire to a shack and accidentally killed someone that was sleeping., ,,1,none,,1, 
R_0v3b3QA3o87lozj,1, , , , , , , , , , , , , , , , , , , , , , , , , , , ,1, , , , ,4.2,7,1, , , ,, , , ,, , ,, ,, ,, , , , , , , , ,, ,,0,,,0, 
R_0Vgoduy2u2EVQH3,1,2,1,1,6,4,0,1,0,10,1,5,2,1,1,7,1,7,1,1.2,7,7,7,3, , , , ,0,0.5,10,0.5,5,2.2,7,2,3,29,1,United States,1,29,1,,2,1,,1,,1,,4,1,3,5,2,6,1,2,Joe has a history of violence. One day he got into an argument with a store clerk. He started kicking the clerk in the head and because of that the clerk died., ,,1,None.,,1, 
R_1LmIaGUblPisCJn,1,2,3,2,4,4,0,1,1, ,1,25,4,1,4,4,4,1,7,4,7,7,7,1, , , , ,0.5,1, ,1,25,4.6,7,1, , , ,, , , ,, , ,, ,, ,, , , , , , , , ,, ,,0,,,0, 
R_1M7AnDUqFOil5M9,1,2,1,1,5,1,0,1,0,20,1,10,4,1,1,6,2,4,4,2.4,7,6,6.5,2, , , , ,0,0.5,20,1,15,2.6,6.75,1.5,7,24,1,United States,1,23,1,,2,1,,7,I'm not sure what I believe,1,,4,5,3,4,4,6,2,2,Joe has anger issues. He beat a store clerk to death after an argument., ,,1,,,1, 
R_1NB4dffy7Vg2VEh,1,1,2,1,6,4,0, , , , , ,6,1,1,6,2,4,4,2.8,7,7,7,2, , , , ,0,1, ,1,40,3.1,7,1.5,8,43,1,USA,1,42,1,,2,2,,7,Spirituality,6,,6,2,3,3,1,6,4,2,One of them set a fire that accidentally killed someone., ,,1,No.,,1, 
R_1R07tATgOoNiqwd,1,2,3,2,6,3,0,1,1, ,0, ,5,1,2,6,2,4,4,2.8,7,7,7,1, , , , ,0,0.5,15,0.5,10,2.1,7,1, , , ,, , , ,, , ,, ,, ,, , , , , , , , ,, ,,0,,,0, 
R_1zyk45e7xzRYwRf,1,1,1,3,7,2,0,1,0,10,1,5,7,1,1,7,1,7,1,2.2,7,5,6,2, , , , ,0,0.5,10,0.5,5,2.5,6.5,1.5,10,27,1,USA,1,26,1,,2,1,,1,,1,,6,4,5,7,5,1,1,2,"A man set a shack on fire, when there was someone asleep inside of it, who died.", ,,1,No,,1, 
R_25g0AT98MMxDx3v,1,3,4,7,4,1,1, , , , , ,7,4,3,1,7,1,7,5.6,7,7,7,1, , , , ,1, , , , ,5.6,7,1,9,33,1,united states,1,32,2,,2,1,,6,,2,,1,1,2,2,4,2,4,2,joe got into an arguement with a sales clerk and kept kicking him in the head until he died., ,,1,no,,1, 
R_2gIErdvbsxNb8kB,1,2,1,2,6,4,0,1,1, ,0, ,4,1,1,6,2,4,4,2.4,7,7,7,1, , , , ,0,1, ,0, ,2.5,7,1.5,6,38,1,usa,1,37,1,,2,1,,6,,1,,1,1,5,5,2,1,11,2,assaulted a guy and killed him, ,,1,,,1, 
R_2n7YFr3JAfpQyJT,1,4,4, ,4,4,0,1,0,10,1,10,4,4,4,5,3,4,4,3.8,7,7,7,1, , , , ,0.5,0,10,1,10,4,6.5,1.5,10,24,1,United States,1,23,1,,2,1,,6,,7,Jehovah Witness,1,1,2,4,2,1,2,2,Bob liked fire and burned a shack by his house and there was someone inside and they died, ,,1,,,1, 
R_37Yg8IkRI19vEUd,1,4,6,4,6,5,0,1,0,5,1,3,1,1,1,7,1,7,1,1,7,7,7,3, , , , ,0.5,0,5,1,3,1.6,7,2,3,31,1,United States,1,31,1,,1,5,,6,,1,,3,1,2,2,1,6,7,1,"He set fire to a shed, not knowing that someone was sleeping inside. He was charged with arson and murder.", ,,1,Everything went smoothly.,,1, 
R_38jX77YU10mfQGh,1,1,3,1,6,5,0,1,0,10,1,5,2,1,3,7,1,5,3,2,7,7,7,1, , , , ,0,0,22.5,1,12.5,2.2,6.5,1,4,25,1,United States,1,25,2,,2,1,,6,,6,,1,1,7,7,3,1,2,2,Joe burned down a shack and accidentally killed someone sleeping inside., ,,1,,,1, 
R_3gxFjnozPYHLUGN,1,1,2,4,1,2,1, , , , , ,7,3,3,1,7,1,7,5.4,7,7,7,1, , , , ,0.5,1, ,1,35,5,7,1,9,34,1,USA,1,33,2,,2,1,,1,,1,,4,4,5,5,4,4,6,2,Bob committed arson murder, ,,1,,,1, 
R_3OeHSieghwBulGl,1, , , , , ,0,1,1, ,0, ,6,2,1,3,5,4,4,3.6,7,7,7,1, , , , ,0.5,1, ,0, ,3.8,7,1, , , ,, , , ,, , ,, ,, ,, , , , , , , , ,, ,,0,,,0, 
R_3PKAdwDrDrMlafP,1,1,1,1,7,7,0,1,0,20,1,15,4,1,1,7,1,4,4,2.2,6,6,6,4, , , , ,0,0,25,1,17.5,2,6,4,6,27,1,USA,1,27,1,,2,1,,6,,1,,1,1,7,8,2,4,5,2,Bob loved fire and committed arson. The fire ended up killing someone inside the shack., ,,1,,,1, 
R_3rADYLaZcfLA1fv,1,4,6,4,6,5,1, , , , , ,6,5,5,4,4,7,1,4.2,5,6,5.5,2, , , , ,1, , , , ,4.2,5.5,3.5,7,26,1,wisconsin,1,25,2,,2,2,,3,baptist,2,,7,2,2,2,7,7,2,1,bob set arson to a house and killed somebody that was close to the house., ,,1,no,,1, 
R_3x70V43JdgBAJzn,1,1,1,3,6,3,0,1,0,20,0, ,3,1,4,7,1,4,4,2.6,7,7,7,2, , , , ,0,0.5,20,0.5,15,2.7,7,1.5,4,35,1,U.S.,1,35,1,,2,1,,6,,6,,1,1,4,5,2,4,2,2,One of them liked fire and set a small shack on fire without looking inside first and ended up killing someone who was inside., ,,1,Thank you,,1, 
R_3z3xKdcjm3NIFOB,1,3,3,1,7,6,0,1,0,5,1,3,1,1,1,6,2,5,3,1.6,5,5,5,4, , , , ,0,0,7.5,1,5,1.3,5,4,12,58,1,USA,1,55,1,,2,5,,2,,2,,2,2,2,2,2,2,2,2,"I believe it was Joe, who assaulted a clerk, he fell, hit his head and died.  He had a history of aggressive behavior.", ,,1,,,1, 
R_3ZZyQ0fBq0wftpH,1,2,3,2,6,6,0,1,0,20,1,10,5,2,2,5,3,6,2,2.8,5,5,5,3, , , , ,0,0,22.5,1,12.5,2.8,5,2.5,1,24,1,USA,1,24,2,,2,1,,6,,1,,1,1,5,7,5,4,4,2,Joe had a history of violent behavior. He fought with a store clerk and kicked him to death., ,,1,No.,,1, 
R_4HgJMOPQGLabvIF,1,3,6,3,6,6,0,1,0,7,1,3,1,1,1,7,1,6,2,1.2,7,7,7,2, , , , ,0,0.5,7,1,11.5,2.3,6.75,1.5,5,56,1,United States,2,36,1,,2,3,,7,Buddhist,7,Buddhist,5,2,5,5,4,3,1,2,"Bob hard an argument with a store clerk and became physical.  Even after the clerk fell, Bob kept kicking him in the head.", ,,1,No,,1, 
R_4N6c3iO5hjkLhEp,1,1,1,2,5,5,0,1,0,25,1,20,4,1,3,5,3,5,3,2.8,7,7,7,2, , , , ,0,0.5,25,0.5,20,2.8,7,2,5,26,1,United States,1,24,1,,2,2,,7,Spiritualist,1,,7,2,3,5,2,1,4,2,Arson and murder, ,,1,,,1, 
R_5aKwVo20rQcyWyx,1,5,3,1,7,6,0,1,1, ,1,40,5,1,3,6,2,4,4,3,7,7,7,3, , , , ,0,1, ,0.5,40,3,7,2,5,30,1,united states,1,30,1,,2,1,,2,,2,,5,4,5,5,4,1,3,2,bob set fire to a small shack. He did not know there was a child sleeping inside. the child died in the fire, ,,1,no,,1, 
R_5hvF0hwcRg0YXwF,1,1,1,1,7,6,0,1,0,10,1,8,1,1,1,7,1,7,1,1,7,7,7,2, , , , ,0,0.5,10,1,16.5,1,7,2,8,50,1,USA,1,49,1,,2,1,,7,Buddhist,2,,6,4,7,7,1,7,22,2,The first set fire to what he thought was an empty building.  The other murdered someone in a fight at a convenience store, ,,1,"I work in the prisons as a therapist (went to BC, too, by the way).  So, I know hundreds of felons - and I like them.",,1, 
R_5nJCPUXNnYSDvo1,1, , , , , , , , , , , , , , , , , , , , , , , , , , , , , , , , , , , , , , ,, , , ,, , ,, ,, ,, , , , , , , , ,, ,,0,,,0, 
R_5oLZudX0YBu0o6x,1,4,4,5,4,4,1, , , , , ,5,3,5,2,6,2,6,5,5,4,4.5,5, , , , ,1, , , , ,4.7,4,3.5,7,25,1,USA,1,25,1,,2,1,,6,,6,,7, ,7,8,1,7,1,2,Man set shack on fire and someone dies., ,,1,,,1, 
R_6AlmMLYv5De6mu9,1,1,1,1,7,4,0,1,0,20,1,10,1,1,1,7,1,4,4,1.6,7,7,7,2, , , , ,0,0.5,20,0.5,10,1.6,7,1.5,10,36,1,United States,1,35,2,,2,1,,6,,2,,1,1, ,5,3,4,1,2,One of them set fire to a shack without looking in it and seeing there was someone sleeping inside., ,,1,,,1, 
R_6fAwV075CSTULiJ,1,2,4,1,7,5,0,1,0,5,1,2,1,1,1,7,1,7,1,1,7,7,7,3, , , , ,0.5,0,5,1,2,2.2,7,5,10,66,1,USA,1,65,2,n/a,2,1,n/a,6,n/a,1,n/a,1,1, ,7,2,5,2,2,Bob liked fire...he set fire to shack near his home but didn't check inside.  Someone was sleeping in the shack and died in the fire., ,,1,"Interesting...the studies challenged my beliefs...easy to say something in conversation, but something else to make a decision.  One of things I like about about doing these studies.",,1, 
R_6r1SOTNEJrrhwfb,1,2,4,1,6,4,0,1,1, ,1,15,6,2,4,6,2,2,6,4,7,7,7,1, , , , ,0.5,1, ,1,15,4.2,7,1,5,35,1,United States,1,35,1,,2,1,,1,,1,,6,1,5,5,2,6,2,2,"Bob committed arson on a building, killing a person inside that he did not know was in there, resulting in a charge of second degree murder also.", ,,1,,,1, 
R_6yU878cth5cyZ1P,1,1,1,2,4,4,0,1,1, ,0, ,6,2,4,5,3,1,7,4.4,7,7,7,1, , , , ,0.5,1, ,0, ,5.1,7,1,4,32,1,USA,1,32,1,,2,1,,1,,1,,7,6,2,2,6,6,2,2,he burned a shack down with a person in it who died, ,,1,,,1, 
R_7P4xi6iCYOz5z3D,1,1,4,2,5,5,0,1,1, ,0, ,5,2,3,5,3,3,5,3.6,7,7,7,2, , , , ,0.5,1, ,0, ,3.9,7,1.5,11,62,1,USA,1,61,2,,2,1,,6,,2,,2,1,2,2,5,2,2,2,Bob was an arsonist who set fire to a shack. He didn't know someone was inside the shack at the time and the person died in the fire., ,,1,none,,1, 
R_7P5Q8NPh8W7eon3,1,2,5,1,5,4,0,1,0,2,1,1,1,1,1,7,1,5,3,1.4,5,5,5,5, , , , ,0,0.5,2,0.5,1,2.1,6,3,10,49,1,USA,1,48,1,,2,1,,6,,3,,1,1,4,5,1,7,2,2,Joe kicking the clerk in the head and killing the person.  Joe had been in jail before for second degree murder, ,,1,,,1, 
R_7PeHYSi6gDkSf9r,1,2,2,2,5,5,0,1,0,8,1,6,1,1,1,6,2,6,2,1.4,5,5,5,4, , , , ,0,0,11.5,1,9,1.7,5,4,11,73,1,USA,1,72,2,,2,1,,6,,2,,1,1,8,8, ,6,3,2,During a robbery Joe killed a person. The other muder occurred when Bob set fire to a shack and did not know a person was in it., ,,1,no,,1, 
R_7U2xvVKZWY4ednv,1,2,2,2,7,5,0,1,1, ,1,20,1,1,1,7,1,6,2,1.2,7,7,7,1, , , , ,0,1, ,1,22.5,1.4,7,1,11,42,1,united states of america,1,41,1,,2,1,,1,,1,,6,6,5,5,5,5,3,2,Bob started a fire in a building and killed a sleeping person, ,,1,no comments,,1, 
R_7VdKPH3aC3GIeHP,1,5,5,4,5,4,0,1,0,10,1,5,6,6,5,6,2,6,2,4.2,5,4,4.5,5, , , , ,0,0.5,10,0.5,5,4.5,5,4,1,27,1,USA,1,27,2,n/a,1,6,hispanic,2,n/a,2,n/a,1,1,3,5,1,1,3,2,Joe killed a man by repeatedly kicking him in the head while he was down., ,,1,n/a,,1, 
R_7W0ufmZK0KZlE0J,1,1,5,1,5,5,0, , , , , ,1,1,1,4,4,5,3,2,7,7,7,1, , , , ,0,1, ,1,15,2.8,7,1,5,56,1,usa,1,56,1,,2,1,,3,non denominational,1,,7,6,6,6,4,3,3,2,"joe got into an argument with a store clerk, started assaulting him and kept kicking him in the head; the clerk died", ,,1,none,,1, 
R_86uASez0t2DQLrv,1,1,2,1,5,2,0,1,0,10,1,9,1,1,1,7,1,6,2,1.2,6,6,6,3, , , , ,0.5,0,10,1,9,1.8,6.5,2.5,4,37,1,usa,1,37,1,,2,1,,3,baptist,3,baptist,1,1,2,2,4,7,4,2,bob set fire to a shed on his property and killed a sleeping person inside, ,,1,,,1, 
R_8cvmMdsYzbEjBT7,1,1,1,7,6,5,0,1,0,2,1,1,1,1,1,3,5,7,1,1.8,6,7,6.5,7, , , , ,0.5,0,2,1,1,3.4,6.75,4,3,31,1,United States,1,29,2,,2,1,,6,,3,,1,1,3,5,4,1,1,2,bob set his shack on fire and there was someone sleeping in the shack and they died, ,,1,no,,1, 
R_8cvR0jR6aUVqUFD,1,4,4,3,5,3,0,1,1, ,1,20,5,3,4,5,3,4,4,3.8,3,3,3,3, , , , ,0.5,1, ,1,20,3.3,4.5,2.5,12,38,1,None,1,37,1,N/A,2,3,N/A,6,N/A,7,None,1,1,8,8,3,2,1,2,"Bob set fire to a shack, killing the person sleeping inside the shack.  He didnt check the shack first.", ,,1,,,1, 
R_8eJdLbixxzUVsI5,1,4,5,4,4,3,0,1,0,10,1,5,4,4,5,5,3,4,4,4,7,7,7,2, , , , ,0,0,12.5,0.5,5,4.3,7,4.5,6,32,1,usa,1,32,2,n/a,2,1,n/a,2,n/a,2,n/a,4,4,5,5,4,4,4,2,a man committed arson but he didn't check to see if someone was in the house. he ultimately killed someone in the house as a result., ,,1,good study,,1, 
R_8HfqkEQmJru1E3z,1,4,7,2,5,4,0,1,0,15,0, ,4,1,2,5,3,5,3,2.6,7,7,7,2, , , , ,0,0.5,15,0, ,3.8,7,1.5,6,29,1,United States,1,29,1,,2,1,,3,,3,,5,4,4,4,7,7,3,2,"Joe had a thing for fire, and burnt down his shed, he didn't check to see if anyone was in it first, and someone who had been sleeping thier burned to death. So he was being accused of notonly Arson but Murder", ,,1,"Only that on a few of the pages there were a few words that weren't displaying properly where it looked like the letters, were squished or missing, I was still able to read it though.",,1, 
R_9Er3gy88wv8ADWd,1,2,5,2,6,7,0,1,0,20,1,5,1,1,1,7,1,7,1,1,7,7,7,4, , , , ,0.5,0,20,1,5,1.5,7,5.5,3,38,1,US,1,38,1,,1,6,Chicano,7,Spiritual not religious,3,Jahovah's Witness,6,1,4,8,4,1,22,2,"Bob was a firebug who lit a shack on fire without realizing there was someone in there, thus accidentally killing that person.", ,,1,no,,1, 
R_9LJgAyVsKtUhrRr,1,4,4,3,3,4, , , , , , , , , , , , , , , , , , , , , , , , , , , , , , , , , ,, , , ,, , ,, ,, ,, , , , , , , , ,, ,,0,,,0, 
R_9oSvaa8jxnx89ql,1,4,6,1,7,7,1, , , , , ,7,1,6,7,1,6,2,3.4,7,7,7,4, , , , ,1, , , , ,4.4,7,2.5,6,35,1,USA,1,35,1,,2,1,,6,,1,,1,1,5,5,3,1,2,2,Started a fire and accidentally killed a person., ,,1,no,,1, 
R_9RlJKOfbjRIAxqB,1,2,2,1,6,5,0,1,0,8,1,4,6,4,2,6,2,6,2,3.2,7,7,7,4, , , , ,0.5,0,8,1,4,3.5,7,4,4,54,1,USA,1,51,2,,2,1,,6,,2,,2,1,6,6,4,5,4,2,"Bob performed an act of arson, which resulted in the death of one person.", ,,1,"I think that each crime and each criminal deserves some individual attention. Judges and juries need to look at the individual involved, to help determine the proper punishment.",,1, 
R_9RXwWTNBQnAthkx,1,2,3,4,6, ,1, , , , , ,5,1,3,5,3,3,5,3.4,5,5,5,4, , , , ,1, , , , ,3.3,5.5,3,7,67,1,United States,1,66,1,,2,1,,3,Baptist,7,Baptist,7,6,2,2, ,6,3,2,Joe had a facination with fire. He set a house on fire and a man died., ,,1,I think a lot of times people can be reabilitated and others need to be kept away from society.,,1, 
R_9XYyiCozd1htv3T,1,2,2,2,6,3,0,1,0,10,1,8,5,1,3,6,2,6,2,2.6,7,7,7,4, , , , ,0.5,0,10,1,8,3.9,7,5.5,11,32,1,,1,31,1,,2,1,,3,,3,,4,4,5,5,5,4,1,2,Bob set fire to a shack and killed someone accidentally, ,,1,,,1, 
R_a3jJZhz546nbXyR,1, , , , , ,0,1,1, ,1,15,4,1,1,7,1,4,4,2.2,7,7,7,1, , , , ,0.5,1, ,1,15,2.2,7,1, , , ,, , , ,, , ,, ,, ,, , , , , , , , ,, ,,0,,,0, 
R_b2bjhcvXBhSlabb,1,1,1,1,7,7,0,1,0,8,1,5,1,1,1,7,1,7,1,1,7,7,7,4, , , , ,0,0,11.5,1,7.5,1.6,7,2.5,8,26,1,Unites States,1,25,2,,2,1,,6,,1,,1,2,3,5,4,2,2,2,2nd degree murder through the kicking of a store clerk, ,,1,,,1, 
R_b7mMofGkZNYFgXj,1,2,2,2,5,6,0,1,0,20,1,15,4,2,2,6,2,3,5,3,6,6,6,3, , , , ,0,0.5,20,1,27.5,3.2,6,2.5,6,24,1,united states,1,24,2,,2,1,,6,,6,,1,1,2,2,3,3,1,2,set fire to a home and killed someone inside, ,,1,,,1, 
R_b90wkk3ExvhYJkp,1,5,4,6,4,1,1, , , , , ,7,1,7,1,7,1,7,5.8,7,7,7,1, , , , ,1, , , , ,5.8,7,1,12,35,1,US,1,34,1,,2,1,,3,,3,,7,1,3,4,5,4,1,2,One of them set fire to a shack and killed the person sleeping inside, ,,1,,,1, 
R_bCV37pP6lEh3dfD,1,3,5,3,6,5,0,1,0, ,1,15,2,1,1,6,2,5,3,1.8,7,7,7,1, , , , ,0.5,0, ,1,15,2.5,7,1,9,28,1,USA,1,27,1,,2,1,,6,,2,,1,1,4,7,4,3,3,2,Set fire to a building without knowing a man was inside, ,,1,,,1, 
R_bEnIcKwGWKhYLY1,1,1,1,1,1,7,1, , , , , ,7,1,1,7,1,1,7,3.4,7,7,7,1, , , , ,1, , , , ,3.4,7,1,7,36,1,USA,1,35,2,,2,1,,6,,3,,1,4,3,4,4,1,11,2,BOB SET A FIRE, ,,1,,,1, 
R_bj4O1yoLszy8w73,1,3,5,6,6,6,1, , , , , ,2,2,6,5,3,1,7,4,7,7,7,2, , , , ,1, , , , ,3.8,7,2,4,31,1,thailand,1,20,2,,2,3,,7,buddhist,7,buddhist,3,2,1,2,3,1,2,2,arson the person set something on fire which caused a death, ,,1,,,1, 
R_bltsLrh0cvhYYAZ,1,2,5,2,6,5,0,1,1, ,1,10,1,1,1,7,1,6,2,1.2,7,7,7,2, , , , ,0,1, ,1,15,1.3,7,1.5,12,30,1,US,1,29,2,,2,1,,6,,3,,1,1,3,4,4,1,5,2,"Joe got into an argument with a store clerk. He physically attacked the clerk, and when he was on the ground, Joe kicked him repeatedly in the head and killed him.", ,,1,,,1, 
R_bqDI4IhvCYsn1I1,1,1,1,2,5,5,0,1,0,15,1,8,3,1,1,6,2,5,3,2,5,6,5.5,5, , , , ,0,0.5,15,0.5,8,2.6,6,4.5,1,22,1,USA,1,22,2,n/a,2,1,n/a,6,n/a,6,Christian Baptist,1,1,5,7,3,4,6,2,"One set fire to a shed, which happened to have someone in it.", ,,1,n/a,,1, 
R_cAzm29imva0fwb3,1,1,1,1,7,7,0,1,0,15,1,8,2,1,1,5,3,4,4,2.2,7,7,7,2, , , , ,0,0,12.5,1,8,2.5,7,1.5,8,34,1,United States of America,1,33,2,,2,2,,7,Teachings of Zen,1,,1,1,5,7,4,5,2,2,Joe was a pyromanic that ended up burning down a shack with a person inside.   He was arrested and charged with second-degree murder., ,,1,The survey was very insightful.  Thanks.,,1, 
R_cHNGqjHMzcgbNTT,1,2,2,1,6,6,0,1,0,40,1,20,1,1,1,6,2,4,4,1.8,7,7,7,1, , , , ,0,0.5,40,0.5,20,1.8,7,1,5,52,1,United States,1,52,1,,2,1,,6,,2,,1,1,6,7,2,6,2,2,"After work the arsonist set a small shack on fire. He didn't check to make sure it was empty, and he caused the death of a person inside.", ,,1,kinda tricky figuring out where I stand! I know I'm anti-death penalty and then it gets murky. Thanks for the chance to let me think about it.,,1, 
R_cRUcgbNvfZ78vVr,1,4,3,4,5,5,1, , , , , ,6,3,4,2,6,5,3,4.4,3,3,3,5, , , , ,1, , , , ,4.3,3.5,4,6,25,1,USA,1,25,2,,1,1,,6,,6,,1,1,5,5,1,1,1,2,The person sent someones house on fire and someone was in it and died., ,,1,,,1, 
R_cSZl5aqeSn0uEwB,1,1,1,1,7,1,0,1,1, ,1,15,1,1,1,7,1,6,2,1.2,7,7,7,1, , , , ,0.5,1, ,1,15,1.9,7,1,9,53,1,US,1,52,1,,2,1,, ,,1,,7,4,3,3,6,6,8,2,He got into an argument with a man and kicked him repeatedly until he was dead., ,,1,no,,1, 
R_cZaVhrkFzCvD9k1,1,1,5,2,6,7,0,1,0,15,1,10,6,1,2,6,2,6,2,2.6,7,6,6.5,2, , , , ,0.5,0,15,1,10,3.8,6.75,1.5,7,36,1,USA,1,35,2,,2,1,,1,,1,,4,5,5,7,5,3,2,2,Joe commited an arson and as a result a person was killed in flames., ,,1,,,1, 
R_ddx6f8oxUjZw2tT,1,1,1,1,7,7,0,1,0,20,1,10,1,1,1,7,1,7,1,1,7,7,7,1, , , , ,0.5,0,20,1,10,2.8,7,1, , , ,, , , ,, , ,, ,, ,, , , , , , , , ,, ,,0,,,0, 
R_eFClAanI0CTttVH,1,1,2,1,7,6,0,1,0,10,1,8,3,1,1,7,1,6,2,1.6,6,6,6,4, , , , ,0,0.5,10,1,14,1.8,6,3.5,10,39,1,USA,1,38,1,,2,1,,6,,6,,1,1,3,3,2,5,3,1,"One of them was an arsenist and he set a shack or small house on fire, someone who was in it and they dies.", ,,1,no,,1, 
R_enZiD6Wu7sJrwqN,1,1,1,1,7,7,0,1,0,5,1,2,1,1,1,7,1,6,2,1.2,7,7,7,4, , , , ,0,0,12.5,1,6,1.4,7,3,5,34,1,USA,1,34,2,,2,1,,2,,2,,7,6,3,3,4,1,1,2,Burned down a house and killed someone who was inside., ,,1,Thank you.,,1, 
R_ePDf7ApswiUytHD,1,1,6,2,5,6,0,1,0,25,1,10,1,1,1,7,1,7,1,1,7,7,7,4, , , , ,0,0,27.5,1,12.5,1.2,7,3,8,59,1,usa,1,58,1,,2,1,,7,none,1,,1,1,4,4,3,3,11,1,Joe kicked a clerk repeatedly after an argument that resulted in the clerk's death, ,,1,no,,1, 
R_0DKVLHvxaAbODND,2,1,1,1,5,2,0,1,1, ,0, ,7,1,3,5,3,1,7,4.2,7,7,7,1,5,6,5.5,5,0,1, ,0, ,4,7,1,7,55,1,usa,1,54,1,.,2,1,.,6,.,1,.,1,1,4,3,3,1,3,2,One man kicked another person in the head repeatedly until he was dead., ,,1,Best wishes in your research.,,1,6
R_10PqD6DBCoi5rwi,2,1,1,6,4,7,0,1,0,10,1,8,1,1,1,7,1,6,2,1.2,7,7,7,2,2,7,4.5,6,0,0,15,1,11.5,1.6,7,1.5,9,28,1,USA,1,26,1,.,2,3,.,1,.,6,.,7,4,5,7,6,5,3,2,Bob burned a shack down and probably unknowingly killed a person inside., ,,1,"I feel like the introspective questions were too exclusive with the ""Always, never"" style wording. Unless that's what you were going for...",,1,5.333333333
R_1eCQ3MxNpLiGMh3,2,2,3,5,5,5,0,1,0,30,1,20,1,2,1,7,1,5,3,1.6,7,7,7,3,1,5,3,2,0.5,0,30,1,20,2.8,7,2,7,26,1,USA,1,25,1,.,2,1,.,6,.,3,Generic Christian,1,1,5,5,1,7,4,2,One accidentally burned diwn a shack with a man in it and murdered him. The other violently beat a store clerk in the head., ,,1,Nope,,1,4.333333333
R_1eRXVNGiDO7IQw6,2,4,4,3,5,2,0, , , , , ,4,3,3,4,4,5,3,3.4,3, ,3,3,5,4,4.5,4,0.5, , , , ,3.8,3.666666667,3.5,4,30,1,usa,1,29,2,.,2,1,.,2,.,2,.,5,5,5,6,2,4,1,2,joe kicked the man in the head after assaulting him. The clerk died ., ,,1,no,,1,4.666666667
R_1fjzmqhN3F6XbBX,2,1,5,1,7,6,0,1,0,25,0, ,1,1,5,7,1,6,2,2,7,7,7,2,2,7,4.5,5,0.5,0,25,0, ,2.2,7,1.5,2,26,1,United States,1,25,1,.,2,1,.,6,.,1,.,1,1,3,5,2,6,6,2,"Bob burned a shack down, didn't realize a person was in it, and ended up killing that person.", ,,1,nope,,1,5
R_1hXdlwNrqMkpeYv,2,2,2,4,3,5,0,1,1, ,1,25,7,1,2,7,1,2,6,3.4,7,7,7,1,2,6,4,4,0,1, ,0.5,25,3.5,7,1,8,48,1,United States,1,47,1,.,2,1,.,7,none. I'm not at all religo,1,.,1,1,3,5,3,4,8,2,set a shack on fire without checking inside. the fire killed the person in the shack, ,,1,none,,1,5
R_1JIqfWZHlMnlh3A,2,2, ,4,5,5,0,1, , ,1,15,3,4,2,3,5,5,3,3.4,6,5,5.5,2,4,5,4.5,6,0.5, , ,1,15,3.9,5.75,2,4,23,1,USA,1,17,2,.,2,3,.,7,Hindu,7,Hindu,5,3,3,3,4,1,1,2,Arson that resulted in death., ,,1,no,,1,5
R_1jJQDRDP0p6pxFL,2,1,1,1,7,6,0,1,0,30,1,25,2,1,1,7,1,5,3,1.6,6,6,6,4,4,4,4,4,0,0.5,30,0.5,25,2,6.5,2.5,7,22,1,United States of America,1,21,1,.,2,1,.,3,.,3,.,2,2,3,5,2,6,1,2,One case involved charges of arson and second-degree murder after the man set a shack on fire while unaware that someone was sleeping inside., ,,1,.,,1,4
R_1LqxientmUqJrCA,2,4,5,5,5,4,0,1,0,5,1,3,3,1,4,3,5,5,3,3.2,4,3,3.5,2,3,4,3.5,2,0,0,12.5,1,5,3.4,2.5,2,4,43,1,usa,1,41,1,.,2,1,.,7,buddhist,1,.,6,2,5,5,2,3,1,2,One beat a man to death and the other accidentally set a fire where someone died., ,,1,no,,1,3.333333333
R_1MRKfI5hqY7fuz6,2,1,2,5,2,3,0,1,0,20,0, ,6,1,2,5,3,3,5,3.4,7,7,7,2,3,7,5,5,0,0,25,0, ,3.9,7,1.5,7,20,1,United States of America,1,19,1,.,2,1,.,2,.,2,.,1,1,2,4,2,1,1,2,One man got into an argument with a sales clerk that escalated into violence. The man kicked the clerk in the head while he was on the floor and the clerk died., ,,1,Interesting survey. Thanks!,,1,5.333333333
R_1mV1AiWGYgyAzMH,2,1,1,1,6,6,0,1,0,15,1,8,4,1,1,7,1,4,4,2.2,7,7,7,2,1,4,2.5,5,0,0,17.5,0.5,8,2.5,7,1.5,4,47,1,United States of America,1,46,1,.,2,5,.,2,.,2,.,5,5,5,7,1,7,3,2,One of the guys assaulted a store clerk and in the process kicked the clerk to death, ,,1,It was difficult to answer some of the questions about a person's characteristics and how they are determined. This was a thought provoking study.,,1,3
R_1NmOTNE7Muxn5nC,2,4,3,6,3,3,1, , , , , ,5,3,4,4,4,2,6,4.4,7,7,7,2,4,6,5,6,1, , , , ,4.3,6.75,4,5,30,1,unites states,1,29,2,.,2, ,.,1,.,1,.,5,5,3,3,5,5,1,2,One was larson, ,,1,it was interesting,,1,5.333333333
R_1PcpYdgEmkv9are,2,1,1,6,5,5,0,1,0,15,1,10,2,1,1,6,2,2,6,2.4,6,6,6,1,1,4,2.5,2,0,0.5,15,0.5,10,3.2,6.5,1,12,49,1,USA,1,47,2,.,2,1,.,6,.,3,.,1,1,3,3,6,6,6,1,Murder during the commission of a robbery., ,,1,.,,1,4
R_1rv6ll1P88gjuye,2,1,2,1,6,5,0,1,1, ,1,25,2,1,1,7,1,5,3,1.6,6,7,6.5,3,3,3,3,3,0,1, ,1,32.5,1.6,6.75,2,8,55,1,United States,1,54,1,.,2,1,.,6,.,1,.,2,2,4,5,2,6,1,2,The first one was an arsonist who inadvertantly killed someone who was inside the building he set on fire., ,,1,.,,1,3
R_22LEStTmmQryXmJ,2,1,3,4,5,6,0,1,0,20,1, ,1,1,7,7,1,7,1,2.2,4,7,5.5,4,1,1,1,1,0,0,24,1,25,2.1,5.75,2.5,1,29,1,USA,1,25,2,.,1,1,.,1,.,2,.,7,1,5,5,7,3,1,2,Arson and murder., ,,1,nope,,1,1.666666667
R_22YbgSS4Eb6SJ35,2,5,6,5,6,5,0,1,1, ,0, ,5,1,2,6,2,5,3,2.6,7,7,7,3,2,5,3.5,4,0,1, ,0, ,3.2,7,2.5,8,25,1,None,1,24,2,.,2,1,.,6,.,6,.,1,1,5,5,5,7,2,2,A man was an arson and lit a shed on fire killing a person inside it that was asleep., ,,1,Thanks!,,1,3.666666667
R_2Ce8bY2vk9x79i2,2,3,4,4,3,6,0,1,0,15,1,12,1,1,1,7,1,7,1,1,7,7,7,1,1,4,2.5,1,0,0.5,15,0.5,12,1.9,7,1,5,49,1,USa,1,48,2,.,2,1,.,2,.,2,.,7,4,4,5,6,7,1,2,Joe was an arsonist the killed someone accidentally after lighting a shack on fire., ,,1,Thank you,,1,3.666666667
R_2cjdGDROHp0Eprq,2,2,2,2,5,6,0,1,1, ,1,20,4,2,2,7,1,5,3,2.4,6,6,6,1,2,4,3,4,0.5,1, ,1,20,4.1,6.5,1,3,24,1,US,0,16,2,.,2,3,.,7,.,7,.,2,4,5,7,3,3,1,2,Second degree murder by making an arson, ,,1,.,,1,4
R_2fetTBGkPxZrJzC,2,2,4,2,5,5,0,1,0,25,0, ,4,2,2,4,4,2,6,3.6,6,7,6.5,2,2,6,4,4,0,0.5,25,0, ,3.6,6.5,1.5,1,35,1,United States of America,1,35,2,.,2,1,.,6,.,2,.,1,1,7,7,3,1,4,2,Bob: One of the crimes involved after work setting fire to a shed-like building in which there was someone inside sleeping and that person died., ,,1,:-),,1,4
R_2qgEWwziUkMYjlr,2,2,2,2,4,6,0,1,1, ,1,20,7,1,1,4,4,1,7,4,7,7,7,4,3,7,5,2,0.5,1, ,1,20,4,7,2.5,10,65,1,United States,1,64,2,.,2,1,.,6,.,1,.,2,1,3,3,4,1,4,2,Joe committed murder by repeatedly kicking a clerk in the head., ,,1,.,,1,4.666666667
R_2tA9luXlUn2BUEe,2,1,2,3,7,4,0,1,0,10,1,5,2,1,1,7,1,5,3,1.6,7,6,6.5,4,2,7,4.5,2,0,0,12.5,1,7,2.2,6,3.5,10,49,1,USA,1,48,1,.,2,1,.,3,non-denominational,3,.,6,2,2,3,5,2,1,2,"Joe got in an arguement with a clerk and kicked his head, causing the clerk's death; Bob is a fire-bug, lighting  a shed on fire, not knowing a person was inside, causing that person to die.", ,,1,.,,1,4
R_2TNqXFXBsLbfHOa,2,1,1,1,6,6,0,1,0,15,0, ,6,2,2,7,1,4,4,3,6,6,6,2,4,6,5,6,0,0.5,15,0, ,3,6.5,1.5,4,31,1,USA,1,31,2,.,2,3,.,7,Pagan,2,.,5,5,7,7,1,4,4,2,"One of the men set a shack on fire not knowing that someone was inside, and that person died", ,,1,no,,1,5
R_2v05VbOKaQK8C3r,2,2,3,1,6,5,0,1,1, ,0, ,7,1,1,7,1,1,7,3.4,7,7,7,1,5,7,6,5,0,1, ,0.5,25,3,7,1,3,56,1,United States,1,56,1,NA,2,1,NA,1,NA,6,NA,7,6,5,5,6,6,4,2,Arson and Murder. He set a shack on fire and a man was inside who burnt to death., ,,1,thank you.,,1,5
R_2v8PA2Hbh2aQ1gJ,2,4,4,7,1,4,1, , , , , ,7,5,6,1,7,1,7,6.4,7,7,7,1,7,7,7,7,1, , , , ,6.6,7,1,1,39,1,United States,1,39,1,.,2,1,.,2,.,2,.,2,1,4,4,4,2,1,2,He loved fire. He set fire to a building that burned which end d up having someone inside who died, ,,1,.,,1,7
R_2VJGSwjKa9NHmIC,2,1,1,1,4,5,0,1,1, ,1,20,4,1,1,4,4,4,4,2.8,7,7,7,1,4,5,4.5,4,0,1, ,1,20,2.8,7,1,3,48,1,United States,1,48,2,.,1,5,.,6,.,2,.,1,1,3,5,4,4,1,2,One of the crimes involved arson - the man set fire to a structure. He was unaware that there was a sleeping man within., ,,1,None.,,1,4.333333333
R_2Xh657uqWyTC441,2,1,2,2,7,2,0,1,0,20,1,10,4,1,2,7,1,6,2,2,6,6,6,2,2,5,3.5,5,0.5,0,20,1,10,3.2,6.5,1.5,4,40,1,United States,0,40,1,.,2,1,.,2,.,2,.,3,2,2,2,1,6,2,2,"One of the men set a hut on fire not knowing that someone was inside, and the person was killed.", ,,1,Thanks.,,1,4.666666667
R_2y1rVqZnS41dSCa,2,1,2,4,5,5,0,1,0,15,0, ,7,1,2,6,2,1,7,3.8,6,6,6,2,2,6,4,2,0,0.5,15,0, ,3.8,6,2,1,39,1,United States,1,39,1,.,2,2,.,6,.,1,.,1,1,5,5,5,4,8,2,Arson, ,,1,For the last question I should've added that with the arson there was a second degree murder.,,1,5
R_2yr5bNDwJePXIi0,2,1,1,4,4,7,0,1,1, ,1,25,1,1,1,4,4,4,4,2.2,7,7,7,1,2,5,3.5,4,0,1, ,0.5,25,2.8,7,1,11,26,1,usa,1,25,1,.,2,2,.,2,.,2,.,5,3,7,8,2,1,1,2,"one man got into an altercation, hit a clerk in the head and the man died", ,,1,no,,1,4
R_2YzSVhLBQdNmXSw,2,1,1,1,6,6,0,1,0,10,1,7,1,1,1,7,1,7,1,1,7,7,7,3,1,3,2,1,0,0.5,10,0.5,7,1.6,7,2.5,11,38,1,United States,1,36,1,.,2,1,.,6,.,1,.,1,1,6,8,2,1,3,2,Joe killed a store clerk during an argument by kicking him multiple times., ,,1,no,,1,3
R_3fJiiAC9h95RKMX,2,1,1,1,6,1,0,1,0,25,1,20,1,1,1,7,1,7,1,1,7,7,7,4,2,4,3,3,0,0,32.5,1,27.5,1,7,2.5,7,57,1,USA,1,56,1,.,2,1,.,2,.,2,.,4,4,3,5,2,4,3,2,"One set fire to a shack, unaware of the sleeping person inside who died as the result.", ,,1,no,,1,3.333333333
R_3fJXbD5ZimhTxBZ,2,1,1,1,6,4,1, , , , , ,4,1,1,7,1,5,3,2,7,7,7,4,4,5,4.5,4,1, , , , ,2.1,7,3,9,42,1,USA,1,41,1,.,2,1,.,1,.,1,.,6,2,3,4,7,3,2,2,One of the men set fire to a shack with someone inside., ,,1,no,,1,4.666666667
R_3foqZaatFKtvccJ,2,5,5,4,5,4,0,1,0,10,1,6,1,1,1,7,1,5,3,1.4,7,6,6.5,1,2,5,3.5,4,0,0.5,10,1,15.5,1.4,6.5,1.5,11,62,1,usa,1,60,2,.,2,1,.,6,.,1,.,1,1,3,3,2,6,2,2,in a store he got in argument. knock clerk to ground and kicked in head til dead, ,,1,nature over nurture seen more and more,,1,3.666666667
R_3FVYZ6kZ0jtTD2o,2,2,4,1,6,5,0,1,0,10,1,10,6,1,1,6,2,4,4,2.8,7,7,7,1,2,7,4.5,2,0.5,0,10,1,10,3.1,7,1,11,56,1,USA,1,55,2,.,2,1,.,6,.,1,.,1,1,3,3,5,4,2,1,One started a shed on fire killing someone sleeping inside., ,,1,no,,1,4.333333333
R_3G9VXfRmioj05mT,2,4,4,5,3,4,0,1,0,20,1,10,5,1,4,6,2,3,5,3.4,5,6,5.5,2,4,3,3.5,3,0.5,0,20,1,10,3.7,6.25,1.5,10,31,1,USA,1,30,2,.,2,1,.,6,.,6,.,1,1,5,5,1,5,2,2,One of them beat a man during a store robbery and killed him. It mentioned he had a history of violence., ,,1,.,,1,4.333333333
R_3gT16DN1WUUJexi,2,4,4,1,6,4,0,1,1, ,1,15,3,1,1,7,1,7,1,1.4,7,7,7,1,2,7,4.5,1,0,1, ,0.5,15,2.2,7,1,2,22,1,USA,1,22,1,.,2,2,.,1,.,1,.,7,2,3,7,4,2,1,2,Bob has always been interested infires. One day he lit a small shed on fire and didnt know someone was sleeping in there. He was charged with first degree murder., ,,1,no,,1,5.333333333
R_3HAMjImHp9GBqEU,2,2,2,5,2,3,1, , , , , ,2,1,1,4,4,1,7,3,7,7,7,1,6,7,6.5,6,1, , , , ,3,7,1,7,68,1,United States,1,65,1,.,2,1,.,6,.,1,.,1,1,2,2,6,6,3,2,The person set fire to a shack because he was fascinated by fire and killed the person sleeping inside, ,,1,Thanks!,,1,6.333333333
R_3I0KBYjECzfLzJQ,2,1,1,3,3,3,0, , , , , ,7,1,4,5,3,1,7,4.4,5,5,5,1,1,7,4,5,0.5, , , , ,5.1,6,1,10,37,1,usa,1,36,2,.,2,1,.,6,.,1,.,1,1,3,3,5,1,1,2,Guy beat someone to death in the checkout line of a store., ,,1,Thank you.,,1,5
R_3I3lmYpVeDi64YP,2,1,1,2,7,5,0,1,0,10,1,5,1,1,1,7,1,7,1,1,4,5,4.5,2,2,6,4,3,0,0.5,10,0.5,5,1.4,5.75,2,9,21,1,USA,1,20,1,.,2,1,.,6,.,6,.,7,1,3,8,2,6,1,2,Joe murdered a store clerk, ,,1,.,,1,4.666666667
R_3Je2gRdcE1Eu9mB,2,3,4,3,7,5,0,1,0,10,1,5,4,1,5,7,1,6,2,2.6,7,6,6.5,1,2,3,2.5,3,0,0,15,1,7.5,2.4,6.75,1,11,30,1,united states of america,1,29,2,.,2,1,.,6,.,6,.,1,1,3,4,1,1,3,2,The person lit fire to a shed and there was a person inside sleeping that died., ,,1,intersting study,,1,2.333333333
R_3jVaSBa5evIzBmH,2,1,1,1,6,6,0,1,1, ,1,15,4,2,3,6,2,4,4,3,6,6,6,2,2,6,4,4,0,1, ,1,17.5,3,6,2,1,34,1,USA,1,34,2,.,1,1,.,2,.,2,.,2,4,5,7,2,5,4,2,"one was an arsonist, burned down a building which had someone sleeping in there that he was not aware of.", ,,1,interesting,,1,4
R_3KSyDESHRkisAlW,2,3,5,4,5,3,1, , , , , ,1,1,1,6,2,1,7,2.4,7,7,7,1,6,7,6.5,6,0.5, , , , ,2,5.5,1,10,32,1,United States,1,31,1,.,2,1,.,7,Wiccan,3,methodist,5,1,3,5,4,3,7,2,One of the men are serving time for murder., ,,1,No.,,1,6
R_3KUtzQDROxZttXQ,2,5,4,4,3,3,0,1,0,20,1,10,1,3,3,1,7,3,5,3.8,7,7,7,1,3,5,4,5,0.5,0,20,1,10,3.9,7,1,9,27,1,United States Of America,1,26,2,.,2,1,.,1,.,2,.,5,5,5,7,4,3,3,2,One of them committed arson on a shed where the shed burned down and they didn't check if someone was sleeping inside and that person died., ,,1,No,,1,5
R_3lVSbL3XbCTr96Q,2,2,4,2,6,5,1, , , , , ,5,1,1,7,1,3,5,2.6,5,6,5.5,1,5,7,6,7,0.5,0,40,1,23,2,5.75,1,9,30,1,USA,1,29,1,.,2,1,.,6,.,2,.,1,2,3,3,3,2,16,1,an older man was attacked on the street, ,,0,too many questions!,,0,5.666666667
R_3Ma1U27KnoR4dMn,2,1,1,2,6,5,0,1,0,15,1,10,5,1,1,7,1,6,2,2,7,6,6.5,2,3,7,5,4,0,0.5,15,0.5,10,2.7,6.75,1.5,7,48,1,United Kingdom,1,46,2,.,2,1,.,6,.,1,.,1,1,7,7,2,6,4,2,One of them set fire to a shack without checking to see if anyone was inside and thus killed him., ,,1,.,,1,5
R_3mjyT6FlX2dIvTO,2,1,1,1,5,6,0,1,0,10,1,5,1,1,1,7,1,7,1,1,5,5,5,4,3,3,3,3,0,0,10,1,6.5,1,5,3.5,3,27,1,USA,1,27,2,.,2,1,.,6,.,1,.,1,1,7,8,2,3,3,2,"Bob set fire to a shack. It turns out, someone was in there and they died.", ,,1,.,,1,3.666666667
R_3nGYf0Hhy40KTt2,2,3,5,3,4,4,0,1,1, ,0, ,3,2,4,3,5,3,5,3.8,5,4,4.5,3,3,5,4,3,0.5,1, ,0, ,4.1,5.5,2,4,31,1,United States,1,30,2,.,2,1,.,1,.,1,.,2,4,5,8,3,3,1,1,Joe got into an argument with a clerk. He beat the clerk to death and was charged with murder., ,,1,.,,1,4.666666667
R_3nNHAujhD5kQjBw,2,2,2,1,6,5,1, , , , , ,3,1,1,6,2,1,7,2.8,7,7,7,1,7,7,7,4,1, , , , ,2.8,6.75,1,8,39,1,"Morocco, United States o",0,19,2,., ,6,"Berber,",5,.,5,.,7,6,5,6,4,2,1,2,"Bob has a fascination with fire so one day he sets a building on fire, he doesn't know there is a person in there and the person dies.", ,,1,"None, thanks!",,1,7
R_3OuvdpyqkAiL9F7,2,2,4,4,2,4,1, , , , , ,3,1,2,6,2,1,7,3,7,7,7,1,4,6,5,6,1, , , , ,3,7,4,12,45,1,us,1,44,1,.,2,1,.,6,.,3,methodist,2,1,3,5,6,5,3,2,joe set a shack onfire that had someone sleeping in it and killed them, ,,1,no thanks,,1,5
R_3qKI0I9Of1i5e0R,2,1,3, ,7,3,0,1,1, ,0, ,4,1,2,7,1,3,5,2.6,5,6,5.5,1,3,4,3.5,4,0,1, ,0, ,3.3,6.25,1,3,33,1,United States,1,33,1,.,2,1,.,3,Methodist,3,Methodist,6,5,7,8,4,4,3,2,Bob became very hostile in a store and committed murder. He beat and kicked the store clerk in the head., ,,1,No other comments,,1,4.666666667
R_3t86I8oWvwBrZtz,2, ,1,1,7,7,1, , , , , ,1,1,2,7,1,7,1,1.2,7,6,6.5,1,6,7,6.5,6,1, , , , ,1.3,6.75,1,10,36,1,UNITED STATES,1,35,1,N/A,2,2,N/A,1,N/A,1,N/A,7,2,5,8,3,3,3,2,ONE OFF THE GENTLEMEN WENT INTO A STORE AND KICKED THE STORE ATTENTDANT TO DEATH, ,,1,N/A,,1,6.666666667
R_9LlVRyy6qr2b6dL,2,1,3,5,6,1,1, , , , , ,7,1,5,2,6,1,7,5.2,7,7,7,1,4,6,5,2,0.5,0,10,0, ,5,7,1.5,1,28,1,united states,1,28,2,n/a,2,2,n/a,3,christian non denomination,3,christian baptist,7,6,3,3,3,5,6,2,"Joe liked playing with fire. He ended up getting charged with arson for burning down, what he thought, an empty shack killing someone who was sleeping inside.", ,,1,This was a great study!,,1,5.333333333
R_d9UCPNHyPzxVidH,2,1,1,2,6,4,0,1,0,20,1,15,4,1,1,5,3,6,2,2.2,6,6,6,4,3,6,4.5,3,0.5,0,20,1,15,2.9,6.5,4,12,42,1,United States,1,41,1,N/A,2,1,N/A,6,N/A,1,N/A,1,1,6,6,3,3,4,2,Joe who has a history of violent behavior is charged with second degree murder as he killed a store clerk by repeatedly kicking them in the head, ,,1,Interesting study thank you for providing it.,,1,4.666666667
R_OoNhW94Qv1g24rn,2,1,1,1,6,5,0,1,0,10,1,5,1,1,1,6,2,6,2,1.4,6,6,6,4,2,4,3,4,0,0,12.5,1,7.5,1.5,6,3,3,22,1,United States,1,22,1,.,2,2,.,3,.,3,.,7,6,5,8,2,2,3,2,arson along with first degree murder, ,,1,.,,1,3.333333333
R_PNIA1hCXR6E5EhH,2,4,1,1,4,4,1, , , , , ,4,1,1,4,4,1,7,3.4,7,7,7,2,4,4,4,4,1, , , , ,3.5,7,1.5,9,50,1,United States,1,49,1,.,2,1,.,1,.,1,.,3,2,3,3,4,3,4,2,one of them set a shed on fire not knowing someone was sleeping inside and killed the person, ,,1,.,,1,4
R_qDBnosHHL0Z31y9,2,2,4,2,5,5,0,1,0,5,1,2,4,1,1,6,2,7,1,1.8,7,7,7,5,2,2,2,3,0.5,0,5,1,2,2.9,7,3,2,38,1,usa,1,36,2,.,2,1,.,1,.,1,.,7,5,2,8,3,2,1,2,Arson, ,,1,Thanks!,,1,3.666666667
R_Rq9Rxfx8f55eIiR,2,2,2,2,6,7,0, , , , , ,6,2,5,2,6,2,6,5,7,7,7,2,2,7,4.5,5,0.5, , , , ,5.4,7,1.5,6,43,1,USA,1,42,1,.,2,1,.,3,.,3,.,7,1, ,4,4,3,4,2,Joe liked to start fires. He burned down a house not knowing a person was in it. He was charged with murder., ,,1,None,,1,5
R_sSWzRFHPxHVpnfr,2,1,1,4,6,5,0, , , , , ,1,1,1,7,1,6,2,1.2,5,6,5.5,1,2,5,3.5,3,0, , , , ,1.4,6,1,9,50,1,usa,1,49,1,.,2,1,.,6,.,1,.,1,2,3,5,2,6,3,2,"joe is facinated by fire and lit a shed on fire, there was someone sleeping in the shed he didn't know was there and that person died.", ,,1,no,,1,3.666666667
R_UPz9hgqdooXrFu1,2,2,2,4,5,6,0,1,0,20,1,5,2,1,3,5,3,5,3,2.4,7,7,7,1,2,6,4,4,0,0,22.5,0.5,5,3.3,7,1,5,26,1,United States,1,25,1,.,2,3,.,6,.,2,.,1,1,5,5,3,1,1,2,Bob set fire to a small shack and ended up killing someone inside of it, ,,1,.,,1,4.666666667
R_WBCVj80bJmoNMHv,2,2,3,2,6,5,0,1,1, ,1,10,4,1,3,7,1,5,3,2.4,6,6,6,2,3,5,4,4,0,1, ,0.5,10,2.6,6.5,1.5,7,35,1,USA,1,34,1,.,2,1,.,6,.,1,.,1,1,5,8,1,7,1,2,"One of them was an arsonist who started a small shed on fire. He did not check before starting the fire, and there was a person in the shed, who died.", ,,1,.,,1,4.666666667
R_XFIrTIWxXfJtKKt,2,1,1,1,7,7,1, , , , , ,7,1,1,7,1,1,7,3.4,7,7,7,1,5,7,6,5,1, , , , ,3.4,7,1,5,36,1,USA,1,35,2,.,2,1,.,3,.,3,.,2,1,3,3,6,7,2,2,One of them burned down a shack with someone inside who died from the fire., ,,1,.,,1,5.666666667
R_XvlwjyoGctmU0tX,2,1,1,1,6,5,0, , , , , ,6,1,4,3,5,4,4,4,7,7,7,1,4,7,5.5,5,0.5, , , , ,4.7,7,1,11,34,1,USA,1,32,2,.,2,3,.,3,.,3,.,5,2,2,2,4,3,2,2,"One of the crimes was arson, Joe, lit a shack on fire and did not realize that someone was sleeping inside. That person died from the blaze", ,,1,no comments,,1,5.666666667
R_YYYLSzCpTc4u5BD,2,1,1,3,7,7,0,1,0,10,1,6,1,1,1,7,1,3,5,1.8,7,7,7,1,2,3,2.5,4,0,0.5,10,1,10.5,1.9,7,1,1,32,1,USA,1,30,2,.,2,1,.,6,.,6,.,1,1,2,2,4,1,22,2,bob was fascinated by fire. bob was arrested for arson and murder. one day after work bob started a shack on fire and forgot to check if somebody was inside. There was a person sleeping in the shack and the pe, ,,1,It's an interesting survey. I have a lot of opinions against prison and only a few reasons for prison. It would be hard to change the u.s. prison system when so many people are making,,1,2.666666667
R_Zkrg86xl8Q9UftL,2,1,1,1,7,4,0,1,0,10,1, ,1,1,1,7,1,7,1,1,7,7,7,4,1,4,2.5,3,0,0.5,10,0.5, ,2,7,3,10,35,1,USA,1,34,1,.,2,1,.,6,.,3,LDS,1,1,6,7,2,6,3,2,"Arson (and murder because of that, though it wasn't intentional)", ,,1,no,,1,3.333333333
R_01zmmOyt50tzYVb,2,2,2,1,5,7,0,1,0,12,1,8,1,1,1,7,1,6,2,1.2,6,5,5.5,1,2,6,4,5,0,0.5,12,0.5,8,1.8,5.75,1,9,45, ,United States of America,1,44,2,.,2,2,.,6,.,6,.,1,1,4,4,3,3,1,2,"Bob was fascinate by fire, and sometimes committed arson. One day he burned down a shed and a man inside was killed.", ,,1,none,,1,4
R_0CEpbuxZOXlNMSp,2,1,1,3,6,2,1, , , , , ,7,1,1,5,3,1,7,3.8,7,7,7,1,2,5,3.5,6,1, , , , ,3.8,7,1,7,37,1,United States,1,36,2,.,2,1,.,6,.,3,.,1,1,2,2,4,1,3,2,A clerk was attacked during an argument and repeatedly kicked when he was down. He later died., ,,1,.,,1,4
R_1CHN5slIKTtbzod,2,1,2,2,6,1,0,1, , ,1,10,1,1,1,5,3,4,4,2,7,7,7,1,2,6,4,2,0,0,25,0.5,10,2.1,7,1,11,37,1,United States,1,36,1,.,2,1,.,1,.,1,.,2,1,2,4,3,5,3,2,"One set a shack on fire, accidentally killing a person inside.", ,,1,.,,1,4.666666667
R_1et6gI2PjWSOe8d,2,4,4,3,5,4,0,1,0,10,1,8,5,2,3,5,3,5,3,3.2,7,6,6.5,4,3,5,4,5,0.5,0,10,1,8,4.4,6.75,2.5,4,32,1,United States,1,32,1,.,2,1,.,2,.,2,.,4,2,3,5,4,1,6,2,one of them set fire to a shack and killed someone who was sleeping inside, ,,1,.,,1,5
R_1f8xlLZBPs6vq4q,2,2,5,2,6,5,0,1,0,10,1,7,5,5,5,5,3,5,3,4.2,6,7,6.5,2,1,2,1.5,2,0,0.5,10,1,8.5,4.1,6.75,1.5,11,22,1,United States,1,20,2,.,2,3,.,6,.,7,Hindu,2,3,3,7,2,4,1,2,"Got angry at a store manager. While the manager was down, got kicked in the head, and died by the time the police came.", ,,1,.,,1,2.333333333
R_1fZ9D08bnYmkoxD,2,3,4,3,5,5,0,1, , ,1,50,5,4,5,4,4,4,4,4.4,4,5,4.5,4,4,5,4.5,3,0,1, ,0.5,50,4.2,4.5,4.5,6,25,1,usa,1,25,1,.,2,1,.,2,.,2,.,2,3,3,3,3,4,1,2,the second guy was charged with second degree murder i believe, ,,1,thanks!,,1,4.666666667
R_1IrZF56E1xCrTeJ,2,2,2,2,5,5,0,1,0,20,1,15,6,1,1,6,2,2,6,3.2,7,7,7,2,2,2,2,4,0,0,22.5,1,17.5,3.2,7,1.5,7,65,1,usa,1,64,2,NA,2,1,NA,1,NA,1,NA,5,4,4,4,4,5,7,2,Bob started a fire in a shed and killed a guy., ,,1,no issues,,1,2
R_1LXp748gDrFofNm,2,1,2,2,5,6,0,1,0,31,1,23,1,1,2,6,2,6,2,1.6,7,7,7,4,2,6,4,4,0.5,0,31,1,23,2.6,7,2.5,4,34,1,USA,1,34,2,.,2,1,.,6,.,6,.,1,1,2,2,4,3,2,2,"One of the guys loved fire, and he set a shack on fire.  He was unaware that there was a man inside of the shack.  The man ended up dying in the fire.", ,,1,none,,1,4.666666667
R_1PcTrj8Kf0ImnFJ,2,1,4,1,6,4,0,1,1, ,0, ,4,1,4,7,1,2,6,3.2,6,6,6,4,4,4,4,4,0.5,1, ,0, ,3.5,6,2.5,10,24,1,United States,1,23,1,.,1,1,.,6,.,2,.,2,1,4,7,3,3,1,2,One of the men committed Arson one day and killed an individual inside a small house. He was not aware he was inside. He was guilty of arson and murder., ,,1,.,,1,4.333333333
R_1q3fm8iLOpzwUzv,2,1,2,1,6,5,0,1,1, ,1,25,1,1,1,7,1,3,5,1.8,7,7,7,1,4,6,5,6,0,1, ,1,25,1.9,7,1,8,64,1,USA,1,63,2,NA,2,1,NA,7,Buddist,1,NA,7,1,3,3,1,7,7,2,arson that also involved murder, ,,1,no,,1,5.666666667
R_1r8oiVsVPrIkDl0,2,1,1,1,6,7,0,1,1, ,1,25,6,1,1,6,2,1,7,3.4,7,7,7,1,5,7,6,5,0,1, ,1,22.5,3.666666667,6.5,1,12,39,1,U.S.A.,1,38,2,.,2,1,.,7,none,7,none,1,1,4,4,4,1,1,2,Bob appears to me a pyromanic. He burned down a shed and accidentally killed someone., ,,1,none,,1,5.666666667
R_22VUELGyrpXd6MH,2,1,5,1,7,5,1, , , , , ,1,1,6,6,2,6,2,2.4,7,7,7,2,2,7,4.5,7,1, , , , ,2.6,7,1.5, , , ,., , , ,., , ,., ,., ,., , , , , , , , ,., ,,0,.,,0,4.666666667
R_23TuSfEZgHW10gy,2,2,2,2,6,2,0,1,0,5,1,1,4,1,2,6,2,6,2,2.2,6,6,6,4,4,4,4,4,0.5,0,5,1,1,2.4,6.5,2.5,9,40,1,United States,1,39,2,., , ,.,2,.,2,.,6,5,3,4,1,7,3,2,One of them set fire to a shack killing people inside., ,,1,No thanks,,1,4.666666667
R_23UBr4QaXNcJfi1,2,3,1,4,7,6,0,1,1, ,0, ,4,1,1,7,1,3,5,2.4,7,7,7,1,2,7,4.5,1,0,1, ,0, ,2.6,7,1,8,56,1,usa,1,55,1,.,2,1,.,2,.,2,.,5,4,3,3,6,7,2,2,bob was infatuated with fire and burned down a shack but did not know that someone was in the shack at the time and died as a result of the fire., ,,1,no,,1,5.333333333
R_26nDg3Y6Z95ySn1,2,1,1,1,6,1,0,1,1, ,0, ,7,1,1,5,3,5,3,3,7,7,7,1,2,5,3.5,4,0.5,1, ,0, ,3.4,7,1,9,46,1,united states,1,45,2,.,2,1,.,2,.,3,.,6,2,4,7,3,5,6,2,had set a fire to a shack and there was a person in there sleeping and he died he thought the shack was abondened, ,,1,.,,1,4.666666667
R_27a0Qbkuupvmpzb,2,3,6,3,5,7,1, , , , , ,7,1,2,4,4,5,3,3.4,3,3,3,1,3,6,4.5,4,1, , , , ,3.6,3.25,1,8,27,1,USA,1,26,2,.,2,1,.,6,.,3,Baptist Christian,1,1,2,2,4,2,1,2,Bob committed arson by lighting a shack on fire., ,,1,.,,1,4
R_27x5j56s2wZH68C,2,2,2,3,4,5,0,1,1, ,0, ,4,1,2,4,4,2,6,3.4,7,7,7,1,6,7,6.5,5,0.5,1, ,0, ,4,7,1,3,32,1,USA,1,30,2,.,2,5,.,6,.,3,.,1,1,2,2,3,2,7,2,"A pyromaniac sat fire to a building without checking to see if anyone was inside first, the resulting fire wound up killing someone.", ,,1,"I don't rule out genetics as a factor, but I still maintain that a person's upbringing and environment determine more about how they eventually develop.",,1,6.666666667
R_2cbY4C7ELfjfWUu,2,1,1,1,7,7,0,1,1, ,1,40,4,1,1,6,2,4,4,2.4,7,7,7,1,4,6,5,5,0,1, ,0.5,40,2.7,7,1,7,45,1,USA,1,44,1,.,2,1,.,1,.,1,.,6,2,3,3,1,3,2,2,One of them assaulted a man by kicking him repeatedly in the head. He died from the injuries., ,,1,no additional comments,,1,4.666666667
R_2dX8YReY6QyBwf3,2,1,5,5,5,6,0,1,0,20,1,15,4,1,1,4,4,4,4,2.8,5,6,5.5,4,1,5,3,2,0.5,0,20,1,15,3.1,6.25,3,12,32,1,United States,1,31,2,.,2,1,.,1,.,2,.,7,6,5,7,6,5,2,2,"Bob set fire to a shack, not knowing that someone was inside.  The person died, and Bob was charged with a crime.", ,,1,.,,1,4
R_2eXNajPe9apmbkN,2,1,2,4,3,5,0,1,0,15,1,10,5,1,4,5,3,6,2,3,7,7,7,1,2,4,3,4,0,0.5,15,0.5,10,4.2,7,4,2,33,1,United States of America,1,33,2,.,2,1,.,2,.,2,.,4,4,5,7,6,6,1,2,Joe got into an argument with a store clerk and eventually assaulted the clerk kicking the clerk in the head leading to the murder of the clerk., ,,1,No comments,,1,3.666666667
R_2qazcMbXWu2r77X,2,7,7,7,7,7,1, , , , , ,1,1,1,7,1,7,1,1,7,7,7,1,1,7,4,7,1, , , , ,2.2,7,1,8,42,1,usa,1,41,1,.,2,1,.,4,.,4,.,7,6,3,3,7,3,2,2,got into a fight with a store clerk and killed him., ,,1,.,,1,5
R_2QiyvMDLDWuAboE,2,2,4,5,6,4,1, , , , , ,6,2,3,5,3,2,6,4,5,7,6,2,4,4,4,5,1, , , , ,3.2,6,2,10,29,1,1 usa,1,28,1,.,2,1,.,6,.,2,.,1,1,3,5,2,4,1,2,setting a fire, ,,1,.,,1,3.666666667
R_2R7wCF1yE3isNUI,2,4,4,4,4,5,0,1,0,25,0, ,4,4,4,4,4,1,7,4.6,7,7,7,1,4,4,4,4,0,0.5,25,0, ,4.6,7,1,10,44,1,United States,1,38,2,.,2,3,.,6,.,6,.,1,1,8,8,4,4,2,2,Bob set fire to a shed on his property and in the shed lived a person who died from the fire., ,,1,No.,,1,4
R_2rPo0OC0WqjDf90,2,6,6,5,4,2,1, , , , , ,5,1,2,3,5,1,7,4,7,7,7,1,3,6,4.5,7,1, , , , ,4.5,7,1,12,52,1,United States,1,51,1,.,2,1,.,2,.,2,.,3,4,7,8,3,2,11,2,They both committed the crime of murder., ,,1,.,,1,5.333333333
R_2t4YU0nv8wuImSl,2,1,6,1,7,7,1, , , , , ,7,7,7,4,4,1,7,6.4,7,7,7,1,1,2,1.5,7,1, , , , ,6.6,7,1,8,23,1,USA,1,22,2,.,2,5,.,6,.,4,.,1,1,2,2,4,4,1,1,Bob set a fire to a house but didn't know there was someone inside, ,,1,.,,1,3.333333333
R_2t5v4bo6a8addsf,2,1,2,4,5,3,0,0, , , , ,5,1,2,5,3,5,3,2.8,6,6,6,3,1,4,2.5,3,0,1, ,1,20,2.4,6,3,7,38,1,United States,1,37,1,.,2,1,.,1,.,1,.,3,2,5,5,4,4,5,2,Joe kicked a cashier in the head and he died., ,,1,none,,1,3
R_2tlfyLKYRjaSDhE,2,1,1,1,7,6,0,1,0,15,1,10,1,1,1,7,1,5,3,1.4,7,7,7,2,4,4,4,5,0,0.5,15,1,10,1.4,7,2.5,9,29,1,USA,1,28,1,.,2,1,.,6,.,1,.,2,2,7,7,1,7,2,2,Set a shed on fire with a person inside, ,,1,.,,1,4
R_2WM91bKVjgl1cGV,2,1,2,4,5,5,0,1,1, ,0, ,4,1,1,5,3,2,6,3,7,7,7,1,4,7,5.5,5,0,1, ,0, ,3,7,1,10,46,1,United States,1,45,2,.,2,1,.,6,.,1,.,2,2,5,5,3,5,2,2,Arson where someone died in the fire, ,,1,Thanks!,,1,5
R_2zphx1ZfZJGSZ0h,2,2,2,2,6,5,0,1,1, ,1,30,2,2,2,5,3,5,3,2.4,5,5,5,2,2,7,4.5,4,0.5,1, ,1,30,2.9,6,2,7,25,1,usa,1,24,1,.,2,1,.,6,.,2,.,1,1,3,5,2,2,2,2,Bob set fire to a shed but didn't know someone was inside and killed the person inside, ,,1,no,,1,4.666666667
R_325C3wLHFQ7jBTf,2,2,5,4,3,3,0,1,0,10,0, ,1,1,1,6,2,5,3,1.6,6,6,6,4,2,2,2,2,0,0,10,0, ,1.5,6.5,4,1,35,1,Turkey,0,25,2,.,2,1,.,6,.,5,.,1,1,4,7,3,1,8,1,He kicked someone to death in a store., ,,1,no,,1,2
R_32JesTwgp6pgAwZ,2,2,2,2,6,7,0,1,0,10,1,5,2,1,1,7,1,6,2,1.4,5,4,4.5,2,1,4,2.5,2,0,0,12.5,0.5,5,2,5.75,1.5,5,21,1,United States of America,1,20,1,.,2,1,.,6,.,2,.,1,4,3,8,1,7,3,2,Set a small house on fire without knowing there was a person inside, ,,1,No,,1,3.333333333
R_3DcZPOSCnw0BRgZ,2,1,2,3,5,4,1, , , , , ,4,1,1,5,3,3,5,2.8,7,7,7,2,4,6,5,6,1, , , , ,3.2,7,1.5,8,33,1,United States,1,32,1,.,2,1,.,1,.,1,.,3,4,7,7,4,1,3,2,"burning down a shed without checking to see if anyone was inside, which caused someone to die", ,,1,.,,1,5.333333333
R_3dFazYikIiCUoTZ,2, ,2,1,7,7,0,1,0,50,1,18,1,1,1,7,1,6,2,1.2,7,7,7,1,1,3,2,3,0,0.5,50,0.5,18,1.9,7,1,9,30,1,USA,1,27,1,.,2,2,.,6,.,6,.,1,1,6,7,1,7,2,2,Joe killed a clerk by kicking him in the head., ,,1,None thanks.,,1,3.666666667
R_3fZrpp3G2lZKgvA,2,2,2,3,4,2,0,1,1, ,0, ,3,1,2,3,5,2,6,3.4,7,7,7,3,3,6,4.5,4,0,1, ,0, ,3.3,7,2,1,50,1,United States,1,50,1,.,2,1,.,1,.,1,.,6,4,5,5,5,2,2,2,set fire to a shack and killed someone sleeping inside, ,,1,no,,1,5
R_3iEGaCFMQinPMYk,2,3,5,3,6,5,0,1,1, ,0, ,7,1,1,7,1,1,7,3.4,7,7,7,1,2,7,4.5,2,0,1, ,0, ,3.4,7,1,5,63,1,"USA, PERU",1,52,1,.,1,1,.,6,.,2,.,1,1,2,3,2,6,6,2,Guy liked starting fires. One day he set fire to a shack without checking to see if someone was inside first. That person burned to death., ,,1,no,,1,5.333333333
R_3ilJ66L3orRA3Ug,2,1,1,2,6,1,0,1,0,20,1,20,6,1,2,5,3,2,6,3.6,7,7,7,1,4,7,5.5,3,0.5,0,20,1,20,3.9,7,1,12,43,1,USA,1,42,1,.,2,1,.,2,.,1,.,6,4,3,4,7,6,2,2,In one of the crimes Joe became angry and got in a fight with a clerk. Things escalated until the clerk ended up being down on the ground and was kicked in the head more than once. The clerk later died from th, ,,1,I enjoyed taking part in the study. Thank you.,,1,5.666666667
R_3KSWkhKhCi0GGd0,2,3,5,3,5,5,0,1,0,40,1,25,6,1,1,4,4,2,6,3.6,7,7,7,2,1,4,2.5,3,0,0.5,40,1,27.5,3.9,7,1.5,11,39,1,United States,1,38,1,.,2,1,.,6,.,3,.,1,1,5,7,3,4,2,2,"Bob liked setting fires so he set fire to a shed, but he didn't realize someone was inside and the fire killed the person inside.", ,,1,no,,1,2.666666667
R_3KvGvSNOo1hp01Y,2,1,1,1,6,7,0,1,0,15,1,10,6,2,6,6,2,6,2,3.6,7,7,7,2,3,7,5,4,0,0.5,15,0.5,10,3.9,7,1.5,9,32,1,usa,1,29,2,.,1,1,.,6,.,6,.,1,1,4,4,2,3,3,2,He beat someone's head in and killed them., ,,1,.,,1,5.666666667
R_3negshCuJ4j99ZN,2,2,4,3,5,5,0,1,1, ,1,20,2,1,2,6,2,7,1,1.6,6,6,6,3,2,3,2.5,2,0,1, ,1,25,2.2,6.5,2,10,35,1,USA,1,34,2,.,2,1,.,6,.,1,.,1,1,4,4,4,1,3,2,Joe burned down a shed without checking inside and killed someone, ,,1,.,,1,3
R_3NF1Nf5bWiWJcmt,2,1,5,6,1,5,1, , , , , ,6,6,6,2,6,1,7,6.2,7,7,7,1,6,7,6.5,6,1, , , , ,6.3,7,1,6,39,1,USA,1,38,1,.,2,1,.,1,.,1,.,3,2,5,5,5,6,1,2,liked fire and set fire to a small shed without checking inside and someone inside died as a result., ,,1,"thank you, while i don't think genetics plays as big of a role as learned behavior does, I think poor prenatal care and drugs while pregnant do play an significant role in development",,1,6.333333333
R_3prKg5FMVGIWakl,2,2,5,4,6,6,1, , , , , ,7,7,7,4,4,1,7,6.4,7,7,7,1,7,7,7,7,1, , , , ,6.4,7,1,3,27,1,usa,1,27,2,.,2,1,.,6,.,2,.,1,1,7,8,2,4,1,2,joe beat a clerks head in, ,,1,it is extremely hard to differentiate the impact of nature vs nurture on a human being,,1,7
R_3qaF4YiDaKNKpF4,2,7,3,4,4,4,0,1,0,3,1,1,4,1,4,7,1,6,2,2.4,5,4,4.5,2,3,2,2.5,2,0.5,0,3,1,1,2.5,5.75,1.5,5,45,1,USAUSA,1,44,1,.,2,2,.,1,.,1,.,3,1,3,6,6,5,2,1,arson and murder, ,,1,no,,1,3.333333333
R_3QRS6JM5QK15RGa,2,4,4,3,4,4,0,1,1, ,0, ,1,1,1,7,1,1,7,2.2,7,7,7,1,4,5,4.5,4,0,1, ,0, ,2.6,7,1,8,32,1,United States,1,31,1,.,2,1,.,2,.,2,.,2,2,5,5,2,5,3,2,Bob has always had a fascination with fire and was arrested for arson and 2nd degree murder after setting fire to a small shack without checking inside and killing a person., ,,1,"Thanks, this was interesting.",,1,5
R_3Ra8dhGu7DHODYt,2,2,5,6,4,6,0,1,0,25,1,15,6,1,3,4,4,4,4,3.6,7,7,7,1,4,6,5,5,0.5,0,25,1,15,4.4,7,1,11,58,1,USA,1,57,1,.,2,3,.,3,.,3,.,2,3,5,5,4,6,1,2,One was an arsonist and the other one killed a store clerk., ,,1,No,,1,5.666666667
R_3smPVZiM5JM6gg9,2,1,1,2,6,4,0,1,0,40,1,20,3,1,1,7,1,5,3,1.8,5,5,5,1,3,5,4,4,0,0.5,40,0.5,20,2,6,1,6,24,1,"United States, Mexico",0,14,1,.,1,5,.,6,.,6,.,2,1,7,7,1,7,1,2,A man with an affinity for arson set fire to a shack without realizing there was someone inside and ended up killing that person., ,,1,N/A,,1,4.333333333
R_57kGu0DqmXlkuFb,2,2,2,1,6,6,0,1,0,8,1,6,6,1,1,6,2,6,2,2.4,6,6,6,2,2,5,3.5,2,0,0.5,8,1,8,2.4,6,2,8,41,1,America,1,40,2,.,1,3,.,6,.,3,Baptist,1,1,5,5,1,6,1,2,Getting into an arugment with a clerk then kicking him in the head till he died., ,,1,no,,1,4
R_5aIZFHZvnogrVkN,2,1,4,1,6,5,0,1,0,20,1,10,1,1,1,7,1,7,1,1,7,7,7,1,1,3,2,4,0,0,35,1,20,1.6,6.75,1,6,29,1,USA,1,28,2,.,2,1,.,6,.,6,.,2,1,5,8,1,1,6,2,"Got in a disagreement with a store clerk, assaulted the clerk, and then stepped on/kicked the person in the head after they were on the ground.", ,,1,.,,1,2.666666667
R_8iUq3SykjTdMXlz,2,2,3,3,5,5,0,1,0,15,1,10,1,1,2,6,2,5,3,1.8,5,5,5,4,3,4,3.5,4,0,0,20,1,15,1.9,5.5,3.5,5,29,1,United States of America,1,28,2,.,2,3,.,6,.,6,.,1,1,5,7,3,1,1,2,Bob was fascinated with fire and started a fire in a shack near his home. He did not know that a person was sleeping inside that shack. Bob was arrested and charged with arson and second degree murder., ,,1,The progress bar seems to be grossly inaccurate.,,1,3.666666667
R_cCldCdPRqQ3PMXv,2,3,4,5,4,3,0,1,1, ,0, ,4,5,2,6,2,2,6,3.8,7,7,7,1,5,7,6,7,0.5,1, ,0, ,4.4,7,1,10,39,1,United States,1,38,1,.,2,1,.,2,.,2,.,2,1,5,5,4,4,5,2,Bob set fire to a building and he didn't realize that anyone was inside - but there was and that person ended up dying., ,,1,Thank you!,,1,6.333333333
R_cHdhkDBTXfWHLc9,2,7,6,7,7,6,1, , , , , ,5,7,6,3,5,5,3,5.2,3,6,4.5,4,5,6,5.5,1,1, , , , ,4.8,5.5,3.5,9,28,1,united states,1,27,2,.,2,2,.,2,.,1,.,5,5,4,4,4,5,6,2,bob committed armed robbery, ,,1,.,,1,6
R_DDjUfqCNVVzSko1,2,1,1,1,7,7,0,1,0,10,1,5,1,1,1,5,3,7,1,1.4,7,7,7,1,1,4,2.5,1,0.5,0,10,1,5,3,7,1,4,57,1,UNITED STATES OF AMERICA,1,57,2,.,2,2,.,1,.,1,., ,4,3,3,2,6,6,2,AN ARSONIST SET FIRE TO A BUILDING KILLING SOMEONE INSIDE THAT HE DID NOT KNOW WAS THERE., ,,1,NO COMMENTS,,1,4
R_DTrJKPYQSk80LgB,2,2,2,2,6,5,0,1,0,25,1,20,1,1,1,7,1,7,1,1,7,7,7,2,2,4,3,1,0,0,25,0.5,20,1,7,3,12,41,1,U.S.,1,40,1,.,2,1,.,1,.,1,.,7,4,7,7,4,7,3,2,Arson resulting in second degree murder, ,,1,.,,1,3.333333333
R_OoHB4MW0xqHEbvz,2,1,1,1,7,6,0,0, , , , ,1,1,1,7,1,7,1,1,7,7,7,1,1,7,4,1,0,1, ,0, ,4,7,1,3,50,1,united states,1,50,1,.,2,1,.,2,.,2,.,2,1,2, ,1,7,1,2,joe killed a store clerk, ,,1,.,,1,5
R_Qb4NRkwZLpmAP4t,2,3,5,2,7,1,0,1,1, ,1,10,1,1,1,6,2,6,2,1.4,7,7,7,1,2,6,4,3,0,1, ,1,10,1.5,7,1.5,11,57,1,usa,1,56,1,.,2,1,.,2,.,2,.,3,2,3,3,1,7,3,2,one got in an argument with a store clerk and kicked him to death, ,,1,.,,1,3.666666667
R_SN2dXH0U9fY4Re9,2,3,3,5,5,5,0,1,1, ,0, ,4,4,4,4,4,3,5,4.2,6,6,6,3,3,3,3,3,0.5,1, ,0, ,4,6,2.5,8,27,1,usa,1,26,2,.,2,1,.,6,.,6,.,1,1,5,5,4,4,1,2,burned down a house with someone still inside, ,,1,.,,1,3.333333333
R_spLk6sUHl7s6H4J,2,3,5,2,4,5,0,1,1, ,1,15,6,1,1,6,2,3,5,3,7,7,7,2,3,6,4.5,5,0,1, ,0.5,15,3.2,7,1.5,12,62,1,United States,1,61,1,.,2,1,.,1,.,1,.,6,6,5,5,5,2,4,2,"One of them burned down a shed (or house, I don't recall which) without checking inside to see if there were any people and someone died; the other one attacked a clerk in a store and kicked him in the head un", ,,1,.,,1,5
R_U9LrE6UR6UzzMqt,2,1,1,1,6,1,1, , , , , ,1,1,1,4,4,1,7,2.8,7,7,7,3,1,4,2.5,4,1, , , , ,3.1,7,2,4,54,1,USA,1,54,1,.,2,1,.,2,.,2,.,2,1,3,5,4,1,4,2,Joe beat the clerk and kicked his head in and killed him., ,,1,.,,1,4
R_Z3r3Af9Dqx7mWrL,2,5,5,4,4,5,0,1,0,30,0, ,2,1,2,5,3,4,4,2.4,5,5,5,1,5,6,5.5,6,0.5,0,30,0, ,2.8,5.5,1,10,38,1,USA,0,24,1,.,2,3,.,5,.,5,.,6,1,5,7,5,4,1,2,Bob was charged with arson and 2nd degree murder after he burned a person alive. He liked to play with fire. He set the schack on fire and never checked if there was person inside., ,,1,No comments.,,1,6
R_Ze56AYyDGy90Cm5,2,3,3,5,4,3,1, , , , , ,2,4,3,5,3,4,4,3.2,4,3,3.5,3,4,5,4.5,4,1, , , , ,3.6,4.25,4.5,3,29,1,united states,1,28,1,.,1,5,.,6,.,6,.,1,1,2,2,5,5,1,2,Joe kicked someone right in his head and killed him., ,,1,none that I can think of,,1,5
R_0cxOU5fqFZbiQjn,3,2,4,5,4,6,0,1, , ,0, ,4,1,1,4,4,1,7,3.4,7,7,7,1,7,7,7,7,0, , ,0, ,3.4,7,1,9,45,1,USA,1,44,2,.,2,1,.,7,none,7,none,1,1,3,3,4,6,0,2,Arson which resulted in death. Charged with 2nd degree murder.,0,.,1,.,.,1,7
R_12m2Nbq0BaeNKDI,3,1,1,4,5,6,0,1,1, ,0, ,5,1,1,5,3,1,7,3.4,7,7,7,1,5,5,5,5,0.5,1, ,0, ,5,7,1,9,25,1,United States,1,24,2,N/A,2,1,N/A,6,N/A,2,N/A,1,1,2,4,4,1,0,2,One man committed arson which led to the death of someone he did not know was inside the building.,0,N/A,1,None,.,1,5.666666667
R_1cUF2mY09NwuLR5,3,4,5,4,5,5,0,1,0,10,0, ,1,1,1,7,1,4,4,1.6,7,7,7,4,1,6,3.5,2,0,0,17.5,0.5,10,1.6,7,4,2,40,1,United States,1,39,1,.,2,1,.,6,.,6,.,2,1,4,5,4,1,21,2,Bob set fire to a shed and killed a person sleeping in it,0,.,1,.,.,1,3
R_1dcNxqqyXQdyJ8Y,3,1,4,1,4,4,0, , , , , ,1,1,1,7,1,7,1,1,7,7,7,1,1,5,3,4,0,1, ,0, ,1.6,7,1,9,32,1,usa,1,31,2,.,2,3,.,6,.,6,.,1,2,5,5,4,4,1,2,Bob was an arsonist and accidentally killed a man who was sleeping inside the shack he burned down.,0,n/a,1,.,.,1,4.333333333
R_1FzTiBZguSwEI5D,3,1,2,2,6,2,0,1,1, ,1,25,7,2,2,4,4,6,2,3.4,6,7,6.5,1,1,7,4,4,0,1, ,0.5,25,3.6,6.75,1,6,33,1,United States of America,1,33,2,.,2,1,.,2,.,2,.,4,2,5,5,5,1,2,2,"Bob set a shed on fire, but didn't know someone was sleeping in it and killed that person.",0,No,1,None,.,1,4.666666667
R_1gk06DIflKnpotR,3,3,3,2,5,3,0,1,0,8,1,4,2,2,2,5,3,4,4,2.6,4,5,4.5,2,4,3,3.5,4,0,0,9,1,4,2.7,4.5,2.5,10,24,1,usa,1,23,2,.,2,1,.,4,.,4,.,4,4,7,7,2,4,0,2,bob committed arson and was convicted of 2nd degree murder cause someone was the shack he burnt down,0,no,1,no,.,1,3.333333333
R_1ImLdtsCPgxrDjj,3,3,3,5,6,6,1, , , , , ,4,6,3,5,3,4,4,4,5,4,4.5,5,4,5,4.5,5,0.5,0,7,0, ,3.9,4.75,4.5,5,27,1,USA,1,27,1,.,2,1,.,5,.,1,.,5,6,7,7,4,4,0,2,One of them committed serious crime,0,.,0,.,"both crimes were serious; also, participant could have answered attention check question without remembering anything from the study",0,4
R_1M5TtDV0nFeRDlQ,3,2,3,2,6,5,0,1,0,5,1,3,6,2,3,6,2,6,2,3,7,7,7,3,3,5,4,6,0,0,15,1,11.5,3.3,7,2.5,1,46,1,USA,1,46,2,.,1,1,.,6,.,2,.,1,1,5,7,4,5,4,2,"They had burnt down a shack and insides was an individual sleeping, that person died.",0,.,1,Not at this time.,.,1,4.333333333
R_1Ntvk1aNZmXc0pD,3,3,4,2,6,5,0,1,0,10,1,5,1,1,1,7,1,6,2,1.2,7,7,7,1,1,4,2.5,3,0.5,0,10,1,5,1.7,7,1,9,64,1,USA,1,63,2,.,2,1,.,1,.,1,.,3,1,5,5,3,5,10,2,"One of the two burned down a shed after work because he likes fires, and a person who was asleep inside died. He did not know the person was in there.",0,na,1,thank you,.,1,3
R_1OE4gHWFQuqdxow,3,2,3,2,6,5,0,1,0,25,1,15,5,1,2,6,2,6,2,2.4,7,6,6.5,2,5,6,5.5,3,0,0,22.5,1,13.5,2.1,6.25,1.5,4,52,1,United States,1,52,1,.,2,1,.,1,.,1,.,5,1,3,5,6,6,2,2,One man started a fire and killed a man inside of a shack.  He did not know the man was in there when he set the fire.,0,.,1,This was a very interesting survey.  Thank you for the opportunity to participate.,.,1,5.333333333
R_1OqnIZ5kaAqd1dz,3,2,2,1,5,6,0,1,0,20,1,12,4,1,3,7,1,5,3,2.4,3,7,5,1,1,4,2.5,1,0,0.5,20,0.5,12,3.1,5.75,1,8,30,1,United States,1,29,2,.,1,1,.,1,.,1,.,2,2,2,5,4,3,0,2,Bob committed Arson/Murder by lighting a shack on fire and didn't check inside for any people.,0,none,1,.,.,1,3.666666667
R_1puPTIvHB7EHZXC,3,1,1,1,4,5,0,1,1, ,0, ,5,3,2,3,5,2,6,4.2,6,7,6.5,3,3,5,4,4,0.5,1, ,0, ,4.2,6.75,3,1,19,1,United States,1,19,2,.,2,1,.,2,.,2,.,3,2,3,5,4,2,0,2,Arsonist and second degree murder after burning a man in a shack,0,.,1,.,.,1,4.333333333
R_1r7kT7oqr5jNocP,3,2,2,2,7,5,0,1,0,4,1,2,1,1,2,7,1,6,2,1.4,5,5,5,4,2,3,2.5,3,0,0.5,4,1,26,1.4,5.5,3.5,8,41,1,USA,1,40,2,.,2,1,.,6,.,1,.,1,2,5,5,2,5,2,2,Bob had a fascination with fire. He burned down a shack near his home and accidentally killed the person inside.,0,NA,1,None,.,1,3
R_22LnYE9NtLeMQGv,3,3,2,2,6,4,0,1,0,2,1,2,1,1,1,6,2,6,2,1.4,5,5,5,4,2,3,2.5,3,0,0.5,2,0.5,2,2.4,6,2.5,3,34,1,USA,1,34,2,.,1,1,.,6,.,1,.,1,1,4,4,2,2,1,2,Bob set a shack on fire unknowingly killing someone inside,0,.,1,.,.,1,3.333333333
R_2an3RZhgISszMcd,3, , , , , ,0,1,0,15,1,8,2,1,1,7,1,6,2,1.4,6,6,6,1,1,6,3.5,3,0,0,15,1,8,1.4,6,1, , , ,., , , ,., , ,., ,., ,., , , , , , , , ,., ,.,0,.,did not answer attention check question,0,3.5
R_2Bi0GwwSnuoD8Wp,3,2,3,2,6,7,0,1,0,15,1,5,1,1,1,7,1,7,1,1,5,5,5,1,1,7,4,2,0,0,27.5,1,12.5,1.2,5.5,1,2,25,1,USA,1,25,1,.,2,5,.,6,.,2,.,1,2,5,5,3,3,0,2,Bob was obsessed with fire and accidentally killed someone when committing arson.,0,n/a,1,n/a,.,1,4.333333333
R_2CBcDrM3jcKWy5w,3,4,5,3,7,5,0,1,0,15,1,10,1,1,1,7,1,5,3,1.4,7,6,6.5,4,1,7,4,4,0,0.5,15,1,15,1.8,6,3,6,26,1,USA,1,26,1,.,2,1,.,2,.,2,.,3,4,5,6,4,4,0,2,ARSON WITH A PERSON INSIDE THE SHED,0,.,1,.,.,1,5
R_2CWlXe4oVrDH3V5,3,1,5,1,6,4,0, , , , , ,1,1,1,7,1,5,3,1.4,7,7,7,1,2,6,4,4,0,0,40,1,20,1.4,7,1,10,32,1,usa,1,31,2,N/A,2,1,N/A,6,N/A,6,N/A,1,1,7,8,4,2,5,2,One man committed arson without checking to see if there was anybody inside. There was a person sleeping in the building and subsequently died due to the arson.,0,N/A,1,none,.,1,4
R_2fya0cfEzAervAh,3,1,1,4,7,4,0,1,0,2,1,1,4,1,1,7,1,4,4,2.2,7,7,7,1,4,4,4,4,0,0,2,1,1,2.4,7,1,3,42,1,USA,1,42,1,.,2,1,.,6,.,1,.,1,1,5,5,1,7,0,2,One of them set fire to a shack and didn't know someone was sleeping inside and they died.,0,n/a,1,Thanks!,.,1,4
R_2S1OkZ7fLtQ6UiJ,3,2,2,2,6,4,0,1,0,15,1,10,5,1,2,6,2,5,3,2.6,5,5,5,3,3,6,4.5,4,0,0,17.5,1,11.5,2.8,5.5,2.5,8,35,1,United States,1,34,2,.,2,1,.,2,.,2,.,6,3,3,5,6,6,0,2,Bob was fascinated with fire and set fire to a shack. He did not check to see if it was empty first and killed someone,0,.,1,.,.,1,4.333333333
R_2TT1QUKs8gxxGq5,3,7,6,7,7,6,0,1,0,10,1,9,1,1,1,5,3,6,2,1.6,7,7,7,4,2,5,3.5,2,0.5,0,10,1,9,2,7,3,10,37,1,United States,1,36,1,.,2,1,.,3,.,3,.,4,1,2,2,3,3,1,2,One set a place on fire and someone was inside and was killed.,0,NA,1,no,.,1,4.333333333
R_2ty6mum8vX6eG7S,3,2,2,4,6,5,0,1,0,15,1,4,4,1,1,7,1,6,2,1.8,7,7,7,1,2,7,4.5,7,0,0,17.5,1,5.5,1.9,7,1,6,26,1,USA,1,26,1,.,2,1,.,7,"spiritual, not religious",6,.,2,1,1,3,3,5,7,2,One of the crimes was a man setting a shack on fire and accidently killing someone he didn't know was inside.,0,.,1,No comments.,.,1,4
R_2V7JtaEmlxOV07g,3, , , , , ,0,1,0,15,1,10,1,1,1,7,1,7,1,1,5,5,5,3,1,5,3,3,0,0,15,1,10,1,5,3, , , ,., , , ,., , ,., ,., ,., , , , , , , , ,., ,.,0,.,did not answer attention check question,0,3
R_2wBjuAJ3qgGGf55,3,3,2,2,5,5,0,1,0,15,1,10,1,1,1,7,1,7,1,1,7,7,7,3,1,6,3.5,6,0,0.5,15,1,15,1.6,7,2,7,40,1,United States,1,39,1,N/A,2,5,N/A,3,Baptist,3,Baptist,2,1,4,5,2,6,7,2,"One committed arson and killed a person while he was sleeping, the death was accidental",0,N/A,1,.,.,1,4.333333333
R_3031EBFxT7kYeWd,3,6,6,6,6,6,1, , , , , ,5,6,4,6,2,6,2,3.8,6,6,6,5,6,5,5.5,7,1, , , , ,4.2,6,5.5,9,33,1,Usa,1, ,2,.,2,1,.,2,.,2,.,6,6,7,7,6, ,4,2,Murdered a clerk and kept kicking him,0,.,1,.,.,1,6
R_3D7KIR9RLmxLbB9,3, , , , , ,0,1,1, ,0, ,3,2,3,3,5,4,4,3.4,2,3,2.5,2,4,3,3.5,3,0,1, ,0, ,3.4,2.5,2, , , ,., , , ,., , ,., ,., ,., , , , , , , , ,., ,.,0,.,did not answer attention check question,0,3.5
R_3DdWuKbYIVgIXV0,3,2,2,2,6,6,0,1,0,5,1,3,4,1,1,7,1,6,2,1.8,7,6,6.5,2,3,4,3.5,3,0,0.5,5,0.5,3,2.2,6.75,1.5,6,28,1,United States,1,28,1,.,1,5,.,6,.,6,.,1,1,4,5,3,1,10,2,"Bob liked to play with fire, so he decided to set a shed on fire that was near his house. He didn't check inside the shed, and someone was in the shed, sleeping. The person died.",0,N/A,1,.,.,1,4.333333333
R_3dJPnRYdAakGDV3,3,1,2,1,7,7,0,1,0,7,1,4,1,1,1,7,1,7,1,1,5,5,5,4,2,2,2,3,0,0,11,1,6.5,1,5.5,3,10,34,1,united states,1,33,2,.,2,1,.,6,.,2,.,1,1,5,7,1,7,0,2,one of the crimes committed was a violent assault against a store clerk that left them for dead.,0,.,1,.,.,1,2.666666667
R_3gRdWI7REIaKpDb,3,5,5,5,3,4,1, , , , , ,3,5,2,4,4,4,4,3.6,4,5,4.5,4,4,3,3.5,5,1, , , , ,3.6,4.75,4,7,20,1,united states,1,20,2,.,2,1,.,2,.,2,.,4,2,3,3,4,3,0,2,joe for arson,0,.,1,.,.,1,3.666666667
R_3gRfG7vRP1WXCY9,3,2,5,2,6,6,0,0, , , , ,1,1,1,7,1,7,1,1,6,6,6,1,4,7,5.5,6,0,1, ,1,15,1.1,6,1,9,53,1,USA,1,52,1,.,2,1,.,7,"spiritual, not religious",1,.,5,4,6,7,1,7,2,2,"He was an arsonist and accidentally killed someone when he set a store or some building on fire, not knowing that there was someone sleeping in it.   The other guy beat up a store clerk, who died.",0,N/A,1,no,.,1,5.666666667
R_3kh1hBofoICuRN8,3,2,3,4,5,3,0,1,1, ,1,35,1,1,1,6,2,4,4,1.8,7,7,7,2,4,6,5,4,0.5,1, ,1,35,2.9,7,1.5,2,63,1,USA,1,62,1,.,2,1,.,7,I have no religious affilia,2,.,1,1,3,3,4,5,2,2,"A violent history, assaulted a clerk and kicked him in the head when down, killing him.",0,.,1,I answered the questions on prison time etc. based on the assumption that these people were in fact tried and convicted by a jury.,.,1,5
R_3MGxgpbZTsOE1Ag,3,1,1,1,5,5,0,1,1, ,1, ,4,1,5,5,3,5,3,3.2,7,7,7,4,7,7,7,7,0,1, ,1, ,3.2,6,4,5,33,1,usa,1,35,2,.,2,1,.,2,.,2,.,1,1,2,2,4,4,0,2,Bob started a fire and killed one person,0,na,1,no comment,.,1,6
R_3ncTxEjxCv94852,3,2,5,5,6,5,0,1,0,10,1,7,4,2,1,7,1,5,3,2.2,7,7,7,3,1,2,1.5,3,0,0,12.5,0.5,7,3.9,7,2,1,19,1,United States,1,19,1,.,2,1,.,2,.,2,.,1,1,2,5,5,4,1,2,"Bob had a fascination with fire and one day decided to set a shack on fire, not knowing that there was someone sleeping inside, and thus killing them.",0,.,1,.,.,1,1.666666667
R_3NCV0OaTA4bVmtC,3,2,3,3,5,5,0,1,1, ,1,15,5,1,3,5,3,6,2,2.8,6,6,6,2,4,6,5,5,0.5,1, ,1,15,4,6.5,1.5,9,30,1,United States,1,27,2,.,2,1,.,6,.,6,.,1,1,4,5,3,3,0,2,One of the crimes was arson and he didn't know there was a person in the shack he lit up so he committed murder as well.,0,.,1,Thanks,.,1,5.333333333
R_3O31Y6RlOGPxf8m,3,1,1,3,1,4,0,1,1, ,1,25,7,1,4,1,7,5,3,4.4,7,7,7,1,3,6,4.5,7,0,1, ,0.5,25,4.8,7,1,12,50,1,USA,1,49,1,.,2,1,.,3,.,3,.,3,1,4,4,6,5,1,2,Bob lit a house on fire and didnt know there was someone sleeping in there and was charged with 2 degree murder,0,nothing,1,"survey was given errors near the end and would not let me continue.  It finally did but, one of the error codes was: Bf6qc8yp4f",.,1,5
R_3PuIsqTY8th1uxa,3,2,2,2,7,6,0,1,0,15,1,10,2,1,1,7,1,5,3,1.6,7,7,7,2,3,4,3.5,3,0,0,15,1,10,1.6,6.75,1.5,1,28,1,United States,1,28,2,.,2,1,.,6,.,1,.,1,1,4,8,4,3,0,2,"Joe got into an argument with a store clerk and ended up fighting him and kicking him in the head when he was on the floor, killing him.",0,.,1,No comments.,.,1,4
R_3qyAdrsU37etAZJ,3,2,5,7,1,5,1, , , , , ,7,7,7,1,7,1,7,7,6,6,6,1,5,7,6,7,1, , , , ,7,6.5,1, , , ,., , , ,., , ,., ,., ,., , , , , , , , ,., ,.,0,.,did not answer attention check question,0,6.333333333
R_4H37apNiDhxLOy5,3,1,2,1,6,6,0, , , , , ,1,1,1,7,1,7,1,1,5,6,5.5,2,2,3,2.5,2,0, , , , ,1,6.25,1.5,4,22,1,USA,1,19,1,.,1,1,.,4,.,4,.,1,1,5,7,1,7,0,2,Arson and murder because he didn't know someone was sleeping in the shed he caught on fire,0,.,1,.,.,1,3.666666667
R_5i3jxabpcIklFS5,3,1,1,2,7,7,0,1,0,7,1,5,1,1,1,7,1,4,4,1.6,6,6,6,3,2,6,4,3,0,0,16,1,12.5,1.6,6.25,2,9,26,1,United States of America,1,25,1,.,2,1,.,6,.,2,.,1,1,6,7,1,4,2,2,ONE of the crimes was arson along with a second degree murder charge for accidentally killing someone who was sleeping in the shack because the perpetrator did not check inside prior to setting the residence o,0,N/A,1,"There are a few questions which were ambiguous and improperly phrased such that could be interpreted to varying degrees. ""Siblings born to the same parents will always be of the same",.,1,5
R_5ipZQijjiVoysYd,3, , , , , , , , , , , , , , , , , , , , , , , , , , , , , , , , , , , , , , ,., , , ,., , ,., ,., ,., , , , , , , , ,., ,.,0,.,did not answer attention check question,0, 
R_6flO5ReCNYiWzfn,3,2,2,3,6,4,0,1,0,15,1,10,4,1,1,7,1,6,2,1.8,6,6,6,2,4,6,5,5,0,0.5,15,1,17.5,1.8,6,2,4,63,1,USA,1,63,1,.,2,1,.,6,.,2,.,1,1,3,3,2,5,2,2,"Setting fire to a shack and killing someone, without realizing there was someone in there.",0,None,1,No,.,1,4.666666667
R_8dBeO1sPRsz6Rhf,3,4,6,2,6,4,0,1,0,5,1,3,2,1,1,7,1,6,2,1.4,7,7,7,3,2,5,3.5,3,0,0,15,1,11.5,2.6,7,2,1,38,1,USA,1,38,2,.,2,1,.,4,.,4,.,1,1,5,5,3,3,0,2,Assault,0,.,1,thanks,.,1,4
R_8dMvpVh5ckWVa9j,3,1,1,3,7,7,0,1,1, ,0, ,1,1,1,7,1,1,7,2.2,7,7,7,1,4,6,5,5,0,1, ,0, ,2.2,7,1,9,35,1,usa,1,34,1,.,2,5,.,6,.,6,.,1,1,7,8,1,4,0,2,The first crime mentioned( I think it was joe) was an arson where the defendant set a shed on fire and there happened to be someone in there who died. The defendant seems to be a pyromaniac. He was charged wit,0,na,1,.,.,1,5
R_bqhjm24CNPoxLG1,3,2,3,4,4,3,0,1,0,25,1,10,3,4,3,4,4,4,4,3.6,3,3,3,4,5,4,4.5,5,0,0.5,25,0.5,10,3.8,4,4,1,37,1,us,1,37,1,.,2,1,.,1,.,1,.,4,2,2,1,3,4,3,1,someone killed someone not knowing and one hurt someone,0,none,1,.,.,1,5
R_BV58kbArVLECBHj,3,1,1,1,4,4,0,1,0,30,1,15,3,5,1,7,1,7,1,2.2,7,5,6,1,2,6,4,5,0,0,40,1,22.5,2.2,6.5,1,1,30,1,USA,1,29,2,.,1,1,.,1,.,1,.,7,1, ,5,7,7,0,2,Arson who killed a person,0,.,0,None,did earlier version of this study,0,4.666666667
R_cONWl4PjmZkFEdz,3,2,2,2,6,2,0,1,0,20,1,15,1,1,1,7,1,5,3,1.4,6,6,6,3,2,5,3.5,4,0,0,22.5,1,17.5,1.4,6.5,3,2,33,1,United States,1,33,1,.,2,1,.,6,.,1,.,2,1,3,5,2,5,1,2,arson that ended in homicide,0,NA,1,NA,.,1,4
R_dgy0Jtx82SmO9zj,3,2,2,2,7,6,0,1,0,20,1,15,5,1,3,7,1,5,3,2.6,6,6,6,2,2,4,3,4,0.5,0,20,1,15,2.7,6.5,1.5,3,35,1,United States,1,33,2,.,2,1,.,6,.,6,.,1,1,3,5,2,4,10,2,"Joe murdered a store clerk following an argument with him, he kicked him in the head repeatedly.",0,.,1,.,.,1,4
R_e9a3MPnsVsDLBsJ,3,1,1,1,5,7,0,0, , , , ,1,1,1,7,1,7,1,1,4,4,4,5,2,4,3,4,0,0,15,1,13,2.2,5.5,4,12,47,1,usa,1,46,1,.,2,2,.,7,wiccan,7,none,3,1,5,5,1,7,1,2,Arson,0,no infor,1,none,.,1,4.333333333
R_ePYOhuJLnow0B1L,3, , , , , , , , , , , , , , , , , , , , , , , , , , , , , , , , , , , , , , ,., , , ,., , ,., ,., ,., , , , , , , , ,., ,.,0,.,did not answer attention check question,0, 
R_et9hm2oNcYCucvv,3,1,2,2,7,7,0,1,0,25,1,22,1,1,1,7,1,5,3,1.4,7,4,5.5,2,2,6,4,2,0,0.5,25,0.5,22,1.7,6.25,1.5, , , ,., , , ,., , ,., ,., ,., , , , , , , , ,., ,.,0,.,did not answer attention check question,0,4.666666667
R_oZuWF8JL8GjO1dT,3,2,1,2,5,7,0,1,0,12,0, ,1,1,1,7,1,5,3,1.4,7,7,7,1,1,1,1,1,0,0.5,12,0.5,15,1.8,7,1,3,21,1,United States,1,21,2,.,2,1,.,6,.,2,.,1,2,3,4,1,7,10,1,Joe kicked some dude in the head at the grocery store and the dude died.,0,I did no,1,No additional comments. Thank you.,.,1,3
R_pT2PyaVrlKbqhFL,3,1,1,1,7,5,0, , , , , ,4,1,1,7,1,5,3,2,7,6,6.5,1,1,7,4,3,0, , , , ,2.4,6.5,1,10,58,1,USA,1,57,1,.,2,1,.,6,.,3,.,1,1,4,5,2,4,5,2,"Was fascinated by fire, set fire to a shack, someone was sleeping in it and they were killed.",0,NA,1,.,.,1,5
R_PU96nxVwJXkQx0Z,3,2,4,3,5,4,0,1,0,2,1,1,1,1,1,7,1,7,1,1,6,5,5.5,3,2,5,3.5,4,0,0.5,2,1,10.5,1.5,6,2.5,11,70,1,USA,1,69,1,.,2,1,.,1,.,1,.,6,5,4,4,5,4,2,2,"One of the men set fire to an out building, not knowing that someone was inside. That person died.",0,I answer,1,Thank you.,.,1,4.666666667
R_RfX1BoDNJGLRbyh,3,1,1,1,7,5,0,1,0,10,1,5,1,1,1,7,1,6,2,1.2,7,7,7,3,1,4,2.5,4,0,0,15,1,10,1.3,7,2,9,65,1,United States,1,64,1,.,2,1,.,6,.,1,.,1,1,5,5,1,6,1,2,"Bob committed arson and by the fact that there was a person in the shed he lit on fire, he committed murder also.",0,.,1,.,.,1,3.333333333
R_RkuigZrVYx1oQYV,3,2,2,2,6,7,0,1,0,10,1,5,2,1,2,7,1,5,3,1.8,6,6,6,4,3,4,3.5,2,0,0,15,1,6,1.7,6,3.5,8,43,1,USA,1,42,1,.,2,1,.,6,.,2,.,2,2,3,5,1,3,1,2,The arsonist started a shed on fire while someone was inside it.,0,.,1,.,.,1,4
R_rqf1OlwmBDK6cFj,3,1,1,1,7,5,0,1,0,10,1,8,3,1,1,7,1,5,3,1.8,7,7,7,1,3,5,4,5,0,0,10,1,8,2.2,7,1,11,42,1,united states of america,1,41,1,.,2,1,.,3,baptist,3,baptist,6,6,5,7,5,5,2,2,One crime was a murder after the criminal had an arguement with the clerk he kept kicking him in the head and he died,0,n/a,0,no comments,did earlier version of this study,0,4
R_s6j1DyVi5vFYyDT,3,3,3,3,6,3,0,1,0,30,1,10,2,2,3,3,5,5,3,3,6,6,6,3,3,6,4.5,3,0,0,25,1,8,3,5.5,3.5,12,28,1,USA,1,27,2,.,2,1,.,1,.,1,.,3,4,3,5,5,3,0,2,arson and murder,0,.,1,.,.,1,4
R_sKVe0ocxiIwIYG5,3,2,2,2,7,4,0,1,0,10,1,8,3,1,1,7,1,6,2,1.6,6,6,6,3,3,4,3.5,3,0,0,15,1,11.5,1.7,6,3,10,40,1,USA,1,39,1,.,2,1,.,6,.,6,.,4,1,3,8,2,5,2,1,One of them burned down a house and didn't check if any one was inside. There was someone inside and they died.,0,n/a,0,thanks,did earlier version of this study,0,3.333333333
R_sRN60IZp0PV4OEV,3,1,3,1,5,4,0,1,0,20,1,14,5,1,1,6,2,6,2,2.2,7,7,7,2,1,1,1,1,0.5,0,20,1,14,2.6,7,1.5,4,35,1,united states,1,35,1,.,2,2,.,3,.,3,.,7,4,5,7,3,5,1,2,"Bob liked to set fires and set a shack by his house on fire, unknowingly killing a sleeping person inside.",0,.,1,.,.,1,2.333333333
R_Tbl8g2gPNcc3X5T,3,1,1,1,6,7,0,1,0,12,0, ,6,1,2,2,6,3,5,4,7,7,7,1,3,7,5,3,0,0.5,12,0, ,3.5,7,1,6,30,1,United States,1,30,1,.,2,1,.,7,Buddhist,3,.,1,1,6,7,1,6,2,1,One man loved fire and set fire to a building and didn't know that someone was sleeping inside.  The person inside was killed in the fire.,0,I have n,1,.,.,1,5.666666667
R_wNPyrXKka9vJrEZ,3,1,2,1,6,6,0,1,0,24,1,15,3,1,1,7,1,6,2,1.6,7,7,7,4,1,3,2,2,0,0,32,0.5,15,2.1,7,3.5,10,24,1,United States,1,23,1,.,2,1,.,1,.,1,.,6,6,5,7,5,4,5,2,Bob set fire to his shed which killed the person he did not know was sleeping inside.,0,.,1,Interesting study,.,1,3
R_wQY8Iek1L2SVb69,3,1,3,3,5,3,0, , , , , ,2,1,1,7,1,5,3,1.6,7,7,7,2,1,7,4,2,0.5, , , , ,3.9,7,1.5,12,52,1,usa,1,51,2,.,2,1,.,6,.,2,.,1,1,5,5,2,5,2,2,a person set arson to a shed and there was someone sleeping inside and the person died,0,.,1,no,.,1,5
R_Y6uowZioy5sBmPn,3,2,6,4,3,4,0,1,1, ,0, ,4,3,3,4,4,4,4,3.6,4,7,5.5,1,4,4,4,5,0,0.5,25,0.5, ,3.4,6.25,1,9,55,1,usa,1,54,1,.,2,2,.,3,.,3,.,3,3,7,7,4,5,0,2,murder,0,n/a,1,none,.,1,4
R_YPNnwwlUkgPO4Y9,3,1,1,1,5,1,0,1,1, ,1,10,1,1,1,7,1,4,4,1.6,7,7,7,1,2,2,2,2,0,1, ,0.5,10,1.9,7,1,10,28,1,usa,1,28,2,.,2,5,.,6,.,2,.,1,1,5,5,2,1,2,2,One of them lit a shack on fire without checking inside. The other with a violent history ebat up a store clerk and kept kicking him until he was dead.,0,.,1,no,.,1,3.333333333
R_Z38ddja9dlvf3HP,3,1,1,1,5,4,0,1,0,12,1,8,2,1,3,5,3,4,4,2.6,7,7,7,4,2,5,3.5,5,0,0,16,0.5,8,2.9,7,2.5,4,20,1,United States,1,18,2,.,2,1,.,6,.,1,.,2,1,4,7,3,4,5,2,Joe set fire to a shack without checking inside. Their was a person inside the shack who died as a result of the fire.,0,I have n,1,.,.,1,4
R_ZyIzPxcNK89IjnP,3,1,2,1,7,6,0,1,0,6,1,5,1,1,1,7,1,7,1,1,7,7,7,3,5,7,6,4,0,0,6,1,7.5,1.2,6.75,2.5,3,23,1,USA,1,23,1,.,1,1,.,2,.,2,.,1,2,5,8,4,3,3,2,arson of a small cabin that killed a person,0,.,1,.,.,1,6.333333333
R_zZ3nx5OSnH0Supb,3,2,2,4,2,2,0, , , , , ,2,1,2,4,4,4,4,2.6,6,6,6,1,4,6,5,2,0.5, , , , ,4.3,6.5,1,11,58,1,USA,1,57,1,.,2,3,.,3,.,3,.,2,4,5,5,4,4,0,2,Joe was an arsonist.  He burnt a hut but did not know that there was someone inside.,0,My answe,0,No.  Thank you for asking.,did an earlier version of this study,0,5.666666667
R_0qhZPnbb7V4C9oN,3,1,2,3,6,1,0,1,0,15,1,10,1,1,1,5,3,4,4,2,7,7,7,3,3,7,5,6,0,0.5,15,0.5,10,2.4,7,3,3,38,1,USA,1,38,1,.,2,1,.,1,.,1,.,7,1,5,5,7,7,0,2,"Bob was fascinated with arson and burned a building down. Unfortunately, someone was inside of it.",0,.,1,.,.,1,5.333333333
R_1Cvi2l6YMuEpcTz,3,2,6,1,4,6,0,0, , , , ,3,1,3,1,7,6,2,3.2,6,3,4.5,4,1,3,2,3,0.5, , , , ,4.5,5.75,4,6,26,1,United States,1,25,1,.,2,1,.,1,.,1,.,3,4,2,5,3,4,1,2,Bob like to play with fired and set a shack on fire not knowing someone was in the shack sleeping,0,never he,1,no,.,1,3.666666667
R_1gROUSCCjX16YWE,3,2,5,2,7,6,0,1,0,2,1,1,1,1,1,7,1,6,2,1.2,6,6,6,3,2,7,4.5,6,0,0,11,1,8,1.3,6.5,2.5,8,30,1,USA,1,29,1,.,2,1,.,7,"nothing in particular, mixt",6,.,2,2,4,5,3,3,2,2,"arson of a shack where there was someone inside and the arsonist didn't know it, resulting in the victims death.",0,.,1,none,.,1,4.666666667
R_1Heng7FuueM9p5E,3,1,3,1,6,2,0,1,0,10,1,8,4,1,1,5,3,5,3,2.4,7,7,7,1,2,2,2,2,0.5,0,10,1,8,3,7,1,9,46,1,United States,1,45,2,.,2,1,.,1,.,1,.,7,6,5,5,6,7,2,2,An person who liked to burn things burned down a building that had people inside it.,0,.,1,.,.,1,3
R_1QgxWBBu2epMCwY,3,2,3,4,6,4,0,1,1, ,1,30,3,1,2,6,2,3,5,2.6,6,5,5.5,3,4,6,5,5,0,1, ,0.5,30,2.8,6,2.5,5,21,1,United States,1,21,2,.,2,1,.,1,.,1,.,3,4,3,5,6,5,1,2,Bob committed arson on a building without checking inside to find that a person was in there that he killed.,0,.,1,.,.,1,5
R_1QtpCiK5VqQPOds,3,2,4,2,7,5,0,1,1, ,1,10,5,1,5,7,1,5,3,3,6,6,6,3,2,5,3.5,5,0,1, ,1,10,2.9,5.5,3,1,34,1,USA,1,34,2,.,1,1,.,2,.,2,.,2,4,5,7,2,5,0,2,bob commited arson on a shack or shed. someone was sleeping in there that he was unaware of and they died,0,.,0,.,did earlier version of this study,0,3.666666667
R_20NGDVfGQzeNVLK,3,2,4,2,4,4,0,1,1, ,1,10,5,5,3,4,4,4,4,4.2,6,6,6,6,4,4,4,4,0,1, ,1,10,4,4.75,5,6,20,1,USA,1,19,2,.,2,1,.,6,.,1,.,1,1,3,5,4,1,1,2,"Robbed a store killed a guy and stomped on his head, he was dead on police arrival",0,.,1,.,.,1,5
R_23461ZHV4Ik4eSg,3,1,2,2,3,1,0,1,0,10,1,6,6,5,2,3,5,3,5,4.5,7,5,6,3,1,6,3.5,2,0,0,10,1,6,4,5.25,4,5,45,1,USA,1,44,1,.,2,2,none,1,.,1,.,5,1,4,4,5,4,0,2,Bob had set a old shack on fire and there was a man inside that burned to death.,0,.,0,none.,did an earlier version of this study,0,4.666666667
R_234xSkTwCsHhFA9,3,1,3,1,5,6,0,1,0,20,1,16,1,1,1,4,4,1,7,2.8,7,7,7,1,3,6,4.5,5,0,0.5,20,0.5,16,2.8,7,1,3,31,1,USA,1,31,1,.,2,1,.,7,"Spiritual, but not religiou",3,.,4,1,5,7,1,7,10,2,"Bob like fire and started a shack on fire, unknowingly killing a person inside the shack",0,.,1,.,.,1,4.666666667
R_265r2zayH1bOzpP,3,4,4,2,5,4,0,1,0,13,1,10,4,1,3,6,2,5,3,2.6,6,6,6,4,3,6,4.5,4,0.5,0,13,1,10,3.5,6.5,3,1,37,1,usa,1,34,2,.,1,1,.,1,.,1,.,5,5,2,5,3,4,3,2,Made a fire and accidentally killed someone as a result of the fire.,0,No info,1,Enjoyed!,.,1,4.666666667
R_27NCILqoPXOpiST,3,2,2,2,4,3,0,1,1, ,0, ,7,4,5,3,5,2,6,5.4,7,7,7,1,5,5,5,5,0,1, ,0, ,5.6,7,1,9,28,1,usa,1,27,2,.,2,1,.,1,.,1,.,7,2,2,5,6,4,0,2,second degree murder,0,no,1,.,.,1,5.333333333
R_28TCqJe0NdLgMvi,3,1,1,1,5,7,0,1,0,5,1,1,1,1,1,5,3,7,1,1.4,7,7,7,4,1,5,3,1,0,0,12.5,0.5,1,2,6.75,3,1,31,1,United States of America,1,30,2,.,2,1,.,2,.,3,Baptist,7,1,5,5,2,5,5,2,"Bob (I think) was the guy that had an argument with the store clerk and then didn't control his temper to any extent.  He not only got violent with the clerk but he killed the clerk, and a witness said he did",0,.,1,Thank you for the study and good luck with the future of your research!  If you need any participants for private studies feel free to message me at luigipwns@gmail.com.,.,1,4
R_2bPOnU08ddbHPMg,3,1,2,3,7,4,1, , , , , ,7,1,2,6,2,5,3,3,7,7,7,1,3,7,5,5,1, , , , ,5,7,1,3,33,1,USA,1,33,2,.,2,1,.,6,.,6,.,1,1,2,5,7,7,5,1,Joe  was incarcerated for setting fire to a shack which he didn't know there was someone inside and the person died,0,no,1,.,.,1,5.666666667
R_2fkriQmdQZ1NFCj,3,2,2,3,5,6,0,1,0,20,1,15,1,1,1,6,2,6,2,1.4,6,6,6,3,3,5,4,3,0.5,0,20,1,15,2.4,6,2.5,10,45,1,USA,1,44,2,.,2,1,.,6,.,2,.,1,1,4,5,4,1,2,2,One was an arsonist that accidentally killed a person that was sleeping in a structure,0,.,1,"none, thanks",.,1,4.666666667
R_2pKnWj6PQhWKaTo,3,1,1,1,4,2,0,1, , ,1,10,6,1,1,3,5,4,4,3.4,7,7,7,1,2,7,4.5,4,0.5, , ,1,10,4,7,1, , , ,., , , ,., , ,., ,., ,., , , , , , , , ,., ,.,0,.,did not answer attention check question,0,5
R_2pQ3cotLBxByoyO,3,2,2,2,6,4,0,1,0,8,1,5,1,1,1,7,1,6,2,1.2,5,6,5.5,2,2,6,4,2,0,0,11.5,1,6.5,1.2,5.75,2,9,30,1,United States,1,29,2,.,2,1,.,3,.,3,.,7,6,6,7,5,4,6,2,"Bob likes fire and he set a shack aflame, but he did not check to see if someone was inside and a person who had been sleeping inside died. He was charged with arson and 2nd degree murder.",0,na,1,no,.,1,4
R_2QRJtErV5C7BGMC,3,2,1,3,6,5,0,1,1, ,1,15,4,1,2,6,2,6,2,2.2,7,7,7,1,2,7,4.5,2,0,1, ,1,15,2.5,7,1,6,39,1,usa,1,39,1,.,2,1,.,6,.,1,.,1,1,5,5,2,4,3,2,he started a fire that killed someone,0,.,0,.,did an earlier version of this study,0,4.666666667
R_2rV0hfdzNwPArSZ,3,2,2,2,6,6,0,1,0,20,0, ,1,1,1,7,1,1,7,2.2,7,7,7,1,2,7,4.5,4,0,0.5,20,0, ,2.8,7,1,12,31,1,USA,1,30,1,.,2,1,.,6,.,1,.,1,1,3,3,4,1,0,2,COMMITTED ARSON AND BURNED SOMEONE IN THE SHACK AND THEY DIED,0,N/A,1,.,.,1,5.333333333
R_2sdvwDEdXyBJSvW,3,4,6,1,5,4,0, , , , , ,6,1,1,6,2,6,2,2.4,7,7,7,2,1,6,3.5,5,0, , , , ,2.2,6,3,5,38,1,U.S.,1,38,2,.,2,1,.,1,.,1,.,3,2,3,6,4,5,10,1,One man got into a fight with a clerk and he keep kicking him in the head when he was down on the ground which killed the clerk.,0,.,1,.,.,1,4.333333333
R_2v5DB7mH7vgNmtB,3,1,1,1,5,3,0,1,1, ,0, ,7,1,5,1,7,7,1,4.2,7,7,7,1,4,7,5.5,2,0.5,1, ,0, ,4.8,7,1,5,50,1,USA,1,50,1,.,2,1,.,6,.,1,.,1,1,2,2,3,4,4,2,Bob likrd to start fires. He lit up a shack aand a man was inside and died.,0,I have n,1,.,.,1,5.333333333
R_2wMLB7VrsGBQewx,3,2,5,3,4,3,0,1,0,18,1,10,7,1,2,6,2,5,3,3,6,7,6.5,3,2,3,2.5,4,0.5,0,18,1,10,3.2,6.75,2,11,39,1,United States,1,28,1,.,2,3,.,5,.,5,.,7,4,5,5,2,4,1,2,"Bob had an argument with a store clerk, and had repeatedly kicked him, until he died.",0,N/A,1,N/A,.,1,3.333333333
R_2wQAyaUXRkAEzFd,3,2,3,4,4,4,0,1,1, ,0, ,4,1,1,4,4,4,4,2.8,7,7,7,1,4,7,5.5,4,0,1, ,0, ,2.5,7,1,5,30,1,usa,1,30,2,.,2,1,.,6,.,2,.,1,1,5,8,4,4,0,2,Second-degree murder,0,N/A,1,.,.,1,5
R_2WVii3VlkuyrB6P,3,4,4,4,3,5,0,1, , ,1,5,6,6,6,4,4,5,3,5,2,2,2,2,4,5,4.5,4,0,0,15,1,7.5,4.7,4,3.5,7,25,1,USA,1,24,2,.,2,1,.,6,.,2,.,1,1,5,5,4,2,20,1,"One was arson to a small building which someone was in, and it killed them racking up a murder charge",0,.,1,no,.,1,4.666666667
R_2xKadSCl7utuhdC,3,4,4,5,2,3,1, , , , , ,6,4,5,4,4,3,5,4.8,7,7,7,1,5,5,5,6,1, , , , ,4.9,7,1,5,30,1,united states,1,30,2,.,2,1,.,1,.,1,.,5,5,3,3,6,6,1,2,Killing a convenience store clerk in an argument,0,none,0,no,did an earlier version of this study,0,5.666666667
R_2xxG82jZHcwPsRL,3,1,1,2,5,7,0,1,0,15,1,10,1,1,1,7,1,6,2,1.2,7,7,7,3,2,6,4,5,0,0,17.5,1,11,1.4,6.25,3,3,32,1,United States,1,32,2,.,2,2,.,1,.,1,.,4,4,2,2,4,5,7,2,The arson-murder of 1 person inside a so-called shack house. The fire started by a reckless arsonist.,0,.,1,This was a very good study.,.,1,4
R_2YrkwPI4n5Z1SC4,3,3,6,1,7,6,0,1,0,4,1, ,1,1,1,7,1,7,1,1,5,6,5.5,4,1,2,1.5,3,0,0,12,1,15,1.5,5.25,2.5,1,21,1,usa,1,21,1,.,2,1,.,6,.,1,.,1,1,5,8,2,7,1,2,Arson to a cabin with someone inside.,0,.,1,.,.,1,2.333333333
R_2ZQDJpGWTtVRJkq,3,3,3,6,1,7,0,1,0,15,0, ,6,5,7,5,3,3,5,5.2,5,5,5,3,6,5,5.5,4,0,0,17.5,0, ,4.9,5.25,2.5,4,22,1,USA,1,22,2,.,2,3,.,6,.,6,.,1,1,3,3,1,4,0,2,one was charged for second degree murder,0,.,1,.,.,1,5
R_30bYPhNuvZOAGQB,3,3,3,2,5,4,0,1,0,35,1,25,3,2,2,5,3,2,6,3.2,6,6,6,1,2,7,4.5,3,0,0,30,1,22.5,3.1,5.5,1,12,37,1,USA,1,36,2,.,2,1,.,6,.,2,.,1,1,5,5,3,4,4,2,burned a shed and killed the occupant,0,NA,1,.,.,1,3.666666667
R_30or8BDhmGMVW1s,3,1,3,2,5,4,0,1,0,10,1,5,1,7,2,5,3,4,4,3.4,6,6,6,1,3,7,5,7,0.5,0,10,1,5,3.4,6,1,11,47,1,America,1,46,2,.,2,1,.,1,.,1,.,6,5,4,5,5,5,4,2,Arson,0,.,1,.,.,1,5.666666667
R_30q6eV33mQ9tLUF,3,1,1,4,1,1,0, , , , , ,1,1,1,7,1,6,2,1.2,6,6,6,1,2,7,4.5,7,0.5, , , , ,1.7,6.5,1,8,35,1,USA,1, ,1,.,2,1,.,6,.,2,.,2,1,5,5,2,5,6,2,A robbery that turned into and assault leading to the victims death,0,None,1,No,.,1,5.333333333
R_31EHOTowNkohhmb,3,3,3,4,3,4,0,1,0,20,0, ,4,4,5,6,2,5,3,3.6,4,5,4.5,4,5,4,4.5,4,0,0,15,0.5,20,3.7,4,4.5,6,50,1,usa,1,50,1,.,2,1,.,4,.,4,.,5,4,5,5,3,5,0,2,one cvrime was about being in a convenience store and the clerk was being kicked in the head and was prounounced dead,0,have not,1,.,.,1,4
R_31Kj7ncyaMgrmYK,3,3,4,2,6,6,0,1,0,10,1,5,1,1,1,7,1,5,3,1.4,6,6,6,4,2,4,3,2,0,0.5,10,0.5,5,1.9,6.5,2.5,11,45,1,USA Mexico,0,30,2,.,1,5,.,6,.,2,.,1,1,7,7,2,6,1,2,An accidental manslaughter due to arson,0,.,1,.,.,1,4.333333333
R_33wdGLMtchyVaT0,3,1,1,1,7,7,0,1,1, ,1,10,1,1,1,7,1,5,3,1.4,6,7,6.5,1,4,6,5,3,0,0.5,10,1,7.5,1.2,5.5,1, , , ,., , , ,., , ,., ,., ,., , , , , , , , ,., ,.,0,.,did not answer attention check question,0,4.666666667
R_3dJLfEZqhqpZynS,3,1,1,1,7,1,0,1,0,20,1, ,1,1,1,7,1,6,2,1.2,5,5,5,4,2,2,2,2,0,0,25,0.5, ,1.5,5.5,4,4,44,1,USA,1,44,2,.,2,1,.,6,.,2,.,1,1,8,8,2,7,0,2,"Bob committed arson and ended up killing someone in the house, though he didn't realize that the house wasn't empty.",0,,1,I would love to know the results!,.,1,3.333333333
R_3efx9GokrXD8nas,3,1,1,1,7,7,0,1,0,30,1,15,1,1,1,7,1,7,1,1,7,7,7,1,4,7,5.5,7,0,0.5,30,1,22.5,1,7,1,5,39,1,United States of America,1,39,2,.,2,1,.,6,.,2,.,1,1,5,5,2,6,1,2,"Bob committed arson by setting a shack on fire, killing a person who was sleeping inside, unbeknownst to Bob.",0,I have n,1,Interesting topic.,.,1,5.333333333
R_3fCASPNX0xbFF4o,3,1,1,4,7,7,0,1,0,20,1,10,1,1,1,7,1,7,1,1,7,7,7,4,1,7,4,4,0,0,20,0.5,10,1.3,7,2.5,1,24,1,USA,1,24,1,.,2,1,.,1,.,6,.,7,4,4,5,3,1,0,2,A guy commited arson and did not know a person was inside sleeping and killed them,0,N/A,1,"A bunch of different errors kept coming up, including one called #Bf6qbidlmp and others. It took multiple (10+) attempts to get to the next page for two of the pages.",.,1,4.666666667
R_3Gxi8wwTQOjGGuC,3,3,4,4,4,6,0,1,0,10,1,5,2,1,4,4,4,4,4,3,7,7,7,1,3,4,3.5,4,0,0,25,1,15,3,7,1,10,29,1,USA,1,28,2,.,2,1,.,6,.,6,.,1,1,5,5,4,1,2,2,"Joe liked to set things on fire.  He set fire to a building (maybe a barn) without checking inside, and accidentally killed someone inside.",0,.,1,extremely thought-provoking.,.,1,3.666666667
R_3HFUWVaaVQTmAWL,3,4,4,3,3,6,0,1,0,10,1,10,4,1,1,4,4,7,1,2.2,7,7,7,1,7,4,5.5,4,0,0,10,1,10,3.7,7,1,5,49,1,USA,1,48,2,.,2,1,.,2,.,2,.,7,4,4,5,6,7,0,2,I think it was Joe who committed murder.,0,na,0,.,did an earlier version of this study,0,5.666666667
R_3jSxjenHiwJki1W,3,1,5,6,4,6,0, , , , , ,6,1,1,6,2,6,2,2.4,7,7,7,1,2,6,4,4,0.5, , , , ,3.8,7,1,11,44,1,United States,0,35,1,.,1,1,.,2,.,2,.,4,3,5,5,1,6,1,2,a man who had a history of violent crimes beat a store clerk to death,0,n/a,1,no comments,.,1,4.666666667
R_3KovML2TIJt2WGr,3,2,3,3,5,6,0,1,0,10,1,5,2,1,1,7,1,4,4,1.8,5,5,5,3,2,5,3.5,6,0,0.5,10,1,17.5,1.9,5.5,2,6,37,1,United States,1,37,2,.,2,1,.,6,.,2,.,1,1,3,7,1,6,5,2,"A man robbed a convenience store, got into an argument with the clerk, pushed him down and repeatedly kicked his head resulting in death.",0,.,1,.,.,1,3.333333333
R_3LczVf0fZjDEP8M,3,2,4,2,6,6,0,1,0,10,1,8,2,2,1,6,2,4,4,2.2,6,5,5.5,3,3,5,4,4,0,0,10,1,9,2.2,5.5,2.5,5,24,1,usa,1,24,2,.,2,1,.,2,.,2,.,2,2,5,7,4,3,2,2,Arson that ended up with the death of someone in the shack,0,.,1,.,.,1,4
R_3MF2eYMQ0H2J7Km,3,1,1,1,7,4,0,1,0,10,1,5,3,1,1,7,1,7,1,1.4,7,7,7,4,2,6,4,2,0,0,15,1,7.5,1.4,7,3, , , ,., , , ,., , ,., ,., ,., , , , , , , , ,., ,.,0,.,did not answer attention check question,0,4
R_3n1amztbMFtG7Nu,3,4,5,4,6,5,0, , , , , ,6,5,5,5,3,6,2,4.2,5,6,5.5,1,6,6,6,5,0,0,11,0, ,4,5.25,1,5,24,1,united states,1,21,2,.,2,2,.,2,.,2,.,2,2,5,8,3,4,1,2,beating a clerk to death by kicking him,0,no,1,.,.,1,6
R_3oNGfnfyNZxZ4wu,3,3,3,3,7,3,0,1,0,10,1,5,4,4,4,4,4,4,4,4,6,6,6,2,4,4,4,4,0,0.5,10,1,10,4,6,2,1,31,1,usa,1,31,1,.,2,5,.,1,.,1,.,5,4,4,5,2,5,5,2,Set a fire to a shack that somebody was asleep in.,0,No,1,.,.,1,4.333333333
R_3p5ycxs1Q0Pigve,3,1,5,4,6,7,0,1,0,2,1,1,1,1,1,7,1,7,1,1,4,4,4,1,4,4,4,4,0,0,3,1,2,1,4,1,8,26,1,US,1,25,2,.,2,1,.,7,Shintoist,6,.,7,1,5,5,1,7,0,2,Bob committed arson and second degree murder.,0,.,1,no,.,1,4
R_3pajW6FDw1w6mjo,3,2,4,3,5,2,0,1,0,30,1,20,6,1,1,7,1,6,2,2.2,7,7,7,1,3,6,4.5,7,0,0,35,1,27.5,2.1,7,1,4,26,1,United States,1,26,2,.,2,1,.,6,.,1,.,1,4,5,5,4,2,3,2,One of the crimes was arson where a man was sleeping the building that was burned and died.,0,.,1,No additional comments,.,1,4.333333333
R_3PL8bxC7WCsnpwF,3,6,4,3,5,6,1, , , , , ,6,4,6,5,3,3,5,4.8,5,5,5,2,5,5,5,5,1, , , , ,4.8,5.5,2,1,33,1,us,1,33,2,.,2,1,.,6,.,6,.,1,1,5,5,1,5,0,2,kicking a guy in the head after beating him mercilessly,0,.,1,no,.,1,5.333333333
R_3r0XpeDr96WYBUB,3,2,5,2,6,5,0,1,0,15,0, ,2,1,3,7,1,4,4,2.2,6,6,6,2,4,6,5,2,0,0.5,15,0, ,3.3,6,1.5,5,31,1,Canada,1,31,1,N/A,2,1,N/A,6,N/A,1,N/A,1,1,3,3,2,6,0,2,Bob committed arson by burning a shack near his home that had a person inside of it.  Bob was not aware of the person inside the building he burned; he just had a fascination with fire.,0,N/A,1,Thank you very much for the opportunity.  The questions about race and homosexuality really challenged my stances during the previous section that was about whether or not I believe i,.,1,5.666666667
R_4TrP0osVIlKN1sZ,3,4,5,3,5,5,0, , , , , ,5,2,3,5,3,1,7,4,7,7,7,2,5,5,5,6,0,0,10,0, ,3.8,7,2,5,22,1,USA,1,22,2,.,2,1,.,1,.,1,.,6,5,5,8,5,6,3,2,"One of the two men assaulted a clerk after an argument started, and kicked his head repeatedly even after the clerk was on the ground, and the clerk was dead when the police arrived",0,Hadn't s,1,None!,.,1,5.333333333
R_4VMFtBuQYpHLZWF,3,5,6,1,6,4,0,1,0,5,0, ,1,1,1,1,7,2,6,3.2,7,7,7,2,2,6,4,4,0,0,7.5,0.5,7,2.8,7,1.5,11,21,1,United States,1,20,2,.,2,1,.,6,.,6,.,1,1,3,7,3,2,1,2,Bob started a fire in a shed that someone was sleeping in and that person died,0,.,1,none,.,1,3.666666667
R_7QBcdEE69pEgkfL,3, , , , , , , , , , , , , , , , , , , , , , , , , , , , , , , , , , , , , , ,., , , ,., , ,., ,., ,., , , , , , , , ,., ,.,0,.,did not answer attention check question,0, 
R_866LZSBSjojVpbv,3,4,4,4,1,4,1, , , , , ,7,7,7,1,7,1,7,7,7,7,7,1,7,7,7,7,1, , , , ,7,7,1,1,33,1,USA,1,33,2,.,1,1,.,6,.,2,.,1,1,7,7,3,1,0,2,One of the men set fire to a house and killed someone.,0,.,1,no,.,1,7
R_9oAP7gUs7UIxvCJ,3,3,6,2,5,2,0,1,0,25,1,10,5,1,7,7,1,4,4,3.6,5,6,5.5,1,6,7,6.5,3,0,0,27.5,1,11,4,5.25,1,9,60,1,United States,1,59,1,.,2,1,.,1,.,1,.,4,2,3,4,1,6,5,2,bob committed arson and second-degree murder by setting a building in which someone was sleeping on fire. The sleeping individual died in the fire.,0,N/A,1,.,.,1,6.333333333
R_9RMhJaNWhL9SXBv,3,1,1,3,6,3,0,1,0,25,1,20,6,2,4,3,5,1,7,4.8,7,7,7,1,4,5,4.5,6,0.5,0,25,1,20,5.2,7,1,1,44,1,USA,1,44,2,.,2,2,.,1,.,1,.,5,5,3,5,5,6,1,2,One committed murder from a fight and the other committed murder from arson.,0,N/A,1,.,.,1,5
R_BLiI4772meUKNYB,3,1,4,1,6,5,0,1,0,15,1,10,2,1,2,5,3,5,3,2.2,7,7,7,2,4,6,5,4,0.5,0,15,1,10,2.4,7,2,2,22,1,USA,1,22,2,.,1,1,.,6,.,7,Jehovah Witness,1,1,4,4,4,1,0,2,Bob committed arson by setting a shack on fire and killed someone inside.,0,n/a,1,.,.,1,5
R_O2mTdpD4KNG04tH,3,2,4,2,6,6,0,0, , , , ,1,1,1,7,1,7,1,1,7,7,7,2,1,1,1,3,0,0,30,1,10,1.6,7,1.5,6,31,1,usa,1,31,1,.,2,1,.,6,.,1,.,2,1,5,6,2,5,0,2,arson that killed a man inside the building,0,n/a,1,.,.,1,2
R_OAW5r1iusMWpn4l,3,4,4,5,5,4,1, , , , , ,5,3,4,5,3,6,2,3.4,7,7,7,7,6,7,6.5,3,1, , , , ,3.7,5.25,5.5,1,23,1,USA,1,23,2,.,2,1,.,2,.,2,.,3,2,5,5,2,4,2,2,Theft,0,.,0,none,did not answer attention check question correctly,0,6
R_OD2m1Ea11zjUfxT,3,4,4,4,7,3,0,1, , ,1,10,7,4,2,6,2,5,3,3.6,4,4,4,2,5,7,6,7,0.5, , ,1,10,3.9,4,2,2,34,1,USA,1,34,2,.,2,1,.,7,Spiritual but not religious,1,.,1,1,4,6,4,4,1,2,Second degree murder - both individuals. Arson - second individual,0,--,1,interesting survey. I'd be interested in hearing more - stormthrush37@yahoo.com,.,1,6.333333333
R_qIUMSooVDNa4fmh,3,4,6,3,5,5,0,1,0,15,1,10,2,4,5,3,5,4,4,4,6,5,5.5,2,5,6,5.5,3,0,0.5,15,0.5,10,4.4,5.5,2,10,23,1,U.S.,1,22,2,.,1,5,.,6,.,2,.,1,1,5,8,2,4,1,2,He commited murder by kicking the guy repeatedly in the face.,0,n/a,1,.,.,1,5.333333333
R_QlHnljVWXk5cOlP,3,1,1,4,6,7,0,1,0,20,1,15,7,1,1,7,1,7,1,2.2,7,7,7,1,2,7,4.5,4,0,0.5,20,0.5,15,2.8,7,1,1,33,1,USA,1,33,2,.,2,1,.,6,.,1,.,1,1,2,2,1,7,1,2,One was an arsonist. He set fire to a shed that someone happened to be in,0,.,1,.,.,1,5
R_RgAGQZKihG4OJfX,3,5,5,4,5,5,1, , , , , ,5,4,5,5,3,6,2,3.8,5,4,4.5,5,5,5,5,4,1, , , , ,4,4.5,5,9,30,1,usa,1,28,2,.,2,1,na,1,na,2,na,5,4,2,2,6,5,0,2,murder,0,na,1,thank you,.,1,4.666666667
R_Rn3O7PiyuDfA8Qp,3,4,1,4,4,4,0, , , , , ,1,1,1,6,2,1,7,2.4,7,7,7,1,7,7,7,4,0,1, ,0, ,2.2,7,1,3,46,1,usa,1,46,1,.,2,1,.,2,.,2,.,3,1,3,5,3,3,1,2,I believe Bob set a fire in a shack and killed someone who was sleeping inside.,0,.,1,.,.,1,7
R_UMwtuDB3Gp8TwBz,3,3,3,3,4,3,0,1,1, ,0, ,2,1,2,4,4,2,6,3,7,7,7,2,4,6,5,6,0,1, ,0, ,2.9,7,2,6,48,1,USA,1,48,1,.,2,1,.,1,.,1,.,6,4,4,4,5,4,1,2,Bob set  a shack on fire and did not realize somoeone was inside,0,n/a,1,.,.,1,5
R_vo9y3e3qeTCzWXD,3,1,1,1,7,7,0,1,0,24,1,12,2,1,2,5,3,6,2,2,7,7,7,2,4,4,4,4,0,0.5,24,1,21,2.6,7,1.5, , , ,., , , ,., , ,., ,., ,., , , , , , , , ,., ,.,0,.,did not answer attention check question,0,4
R_W7mTd6ALvTJj06R,3,1,1,1,7,6,0,1,0,10,1, ,4,2,1,7,1,6,2,2,6,7,6.5,2,4,7,5.5,5,0.5,0,10,1, ,3.7,6.75,1.5,8,34,1,USA,1,33,2,.,2,1,.,6,.,6,.,1,1,6,5,2,5,0,2,arson,0,na,1,.,.,1,6
R_XhN9rO140N1DFVn,3,2,2,4,6,4,0,1,1, ,1,10,6,3,4,5,3,5,3,3.8,6,6,6,2,3,4,3.5,5,0,1, ,1,10,3.9,6,2,10,40,1,us,1,37,2,.,2,1,.,6,.,5,.,2,1,4,7,2,4,3,2,"Joe loses his temper quickly. He got into a fight with a clerk. Joe hit the clerk so hard in the head  that by the time the police got there, the clerk was already dead.",0,no,1,none thx,.,1,3.333333333
R_XtsW7QkDWjMaN4R,3, , , , , ,0,1,0,45,0, ,3,1,5,5,3,3,5,3.4,7,7,7,3,5,5,5,5,0,0,27.5,0.5,6,2.4,7,3.5, , , ,., , , ,., , ,., ,., ,., , , , , , , , ,., ,.,0,.,did not answer attention check question,0,4